2026-09-07 23:07:48,867 INFO o.a.j.u.JMeterUtils: Setting Locale to en_EN
2026-09-07 23:07:48,891 INFO o.a.j.JMeter: Loading user properties from: F:\hmdpcode\apache-jmeter-5.6.3\apache-jmeter-5.6.3\bin\user.properties
2026-09-07 23:07:48,891 INFO o.a.j.JMeter: Loading system properties from: F:\hmdpcode\apache-jmeter-5.6.3\apache-jmeter-5.6.3\bin\system.properties
2026-09-07 23:07:48,891 INFO o.a.j.JMeter: Setting JMeter property: host=localhost
2026-09-07 23:07:48,891 INFO o.a.j.JMeter: Setting JMeter property: port=8081
2026-09-07 23:07:48,891 INFO o.a.j.JMeter: Setting JMeter property: voucherId=11
2026-09-07 23:07:48,891 INFO o.a.j.JMeter: Setting JMeter property: threads=1000
2026-09-07 23:07:48,891 INFO o.a.j.JMeter: Setting JMeter property: rampUpSeconds=20
2026-09-07 23:07:48,891 INFO o.a.j.JMeter: Setting JMeter property: tokensFile=F:\hmdpcode\hm-dianping\hm-dianping\target\jmeter\tokens.csv
2026-09-07 23:07:48,891 INFO o.a.j.JMeter: Setting JMeter property: pollIntervalMs=100
2026-09-07 23:07:48,891 INFO o.a.j.JMeter: Setting JMeter property: statusTimeoutMs=60000
2026-09-07 23:07:48,900 INFO o.a.j.JMeter: Copyright (c) 1998-2024 The Apache Software Foundation
2026-09-07 23:07:48,900 INFO o.a.j.JMeter: Version 5.6.3
2026-09-07 23:07:48,900 INFO o.a.j.JMeter: java.version=21.0.7
2026-09-07 23:07:48,900 INFO o.a.j.JMeter: java.vm.name=OpenJDK 64-Bit Server VM
2026-09-07 23:07:48,900 INFO o.a.j.JMeter: os.name=Windows 11
2026-09-07 23:07:48,900 INFO o.a.j.JMeter: os.arch=amd64
2026-09-07 23:07:48,900 INFO o.a.j.JMeter: os.version=10.0
2026-09-07 23:07:48,900 INFO o.a.j.JMeter: file.encoding=UTF-8
2026-09-07 23:07:48,900 INFO o.a.j.JMeter: java.awt.headless=true
2026-09-07 23:07:48,900 INFO o.a.j.JMeter: Max memory     =1073741824
2026-09-07 23:07:48,900 INFO o.a.j.JMeter: Available Processors =32
2026-09-07 23:07:48,914 INFO o.a.j.JMeter: Default Locale=English (EN)
2026-09-07 23:07:48,915 INFO o.a.j.JMeter: JMeter  Locale=English (EN)
2026-09-07 23:07:48,915 INFO o.a.j.JMeter: JMeterHome=F:\hmdpcode\apache-jmeter-5.6.3\apache-jmeter-5.6.3
2026-09-07 23:07:48,915 INFO o.a.j.JMeter: user.dir  =F:\hmdpcode\hm-dianping\hm-dianping
2026-09-07 23:07:48,915 INFO o.a.j.JMeter: PWD       =F:\hmdpcode\hm-dianping\hm-dianping
2026-09-07 23:07:48,920 INFO o.a.j.JMeter: IP: 192.168.1.208 Name: Moon FullName: Moon.lan
2026-09-07 23:07:48,929 INFO o.a.j.JMeter: Setting property 'jmeter.reportgenerator.outputdir' to:'F:\hmdpcode\hm-dianping\hm-dianping\target\seckill-e2e-final3-report'
2026-09-07 23:07:48,930 INFO o.a.j.s.FileServer: Default base='F:\hmdpcode\hm-dianping\hm-dianping'
2026-09-07 23:07:48,932 INFO o.a.j.s.FileServer: Set new base='F:\hmdpcode\hm-dianping\hm-dianping\docs\jmeter'
2026-09-07 23:07:49,112 INFO o.a.j.s.SaveService: Testplan (JMX) version: 2.2. Testlog (JTL) version: 2.2
2026-09-07 23:07:49,136 INFO o.a.j.s.SaveService: Using SaveService properties version 5.0
2026-09-07 23:07:49,138 INFO o.a.j.s.SaveService: Using SaveService properties file encoding UTF-8
2026-09-07 23:07:49,141 INFO o.a.j.s.SaveService: Loading file: docs\jmeter\seckill-order-e2e.jmx
2026-09-07 23:07:49,203 INFO o.a.j.p.h.s.HTTPSamplerBase: Parser for text/html is org.apache.jmeter.protocol.http.parser.LagartoBasedHtmlParser
2026-09-07 23:07:49,203 INFO o.a.j.p.h.s.HTTPSamplerBase: Parser for application/xhtml+xml is org.apache.jmeter.protocol.http.parser.LagartoBasedHtmlParser
2026-09-07 23:07:49,203 INFO o.a.j.p.h.s.HTTPSamplerBase: Parser for application/xml is org.apache.jmeter.protocol.http.parser.LagartoBasedHtmlParser
2026-09-07 23:07:49,203 INFO o.a.j.p.h.s.HTTPSamplerBase: Parser for text/xml is org.apache.jmeter.protocol.http.parser.LagartoBasedHtmlParser
2026-09-07 23:07:49,203 INFO o.a.j.p.h.s.HTTPSamplerBase: Parser for text/vnd.wap.wml is org.apache.jmeter.protocol.http.parser.RegexpHTMLParser
2026-09-07 23:07:49,204 INFO o.a.j.p.h.s.HTTPSamplerBase: Parser for text/css is org.apache.jmeter.protocol.http.parser.CssParser
2026-09-07 23:07:49,216 INFO o.a.j.JMeter: Creating summariser <summary>
2026-09-07 23:07:49,223 INFO o.a.j.r.d.ReportGenerator: ReportGenerator will use for Parsing the separator: ','
2026-09-07 23:07:49,223 INFO o.a.j.r.d.ReportGenerator: Will generate report at end of test from  results file: target\seckill-e2e-final3.jtl
2026-09-07 23:07:49,223 INFO o.a.j.r.d.ReportGenerator: Reading report generator properties from: F:\hmdpcode\apache-jmeter-5.6.3\apache-jmeter-5.6.3\bin\reportgenerator.properties
2026-09-07 23:07:49,224 INFO o.a.j.r.d.ReportGenerator: Merging with JMeter properties
2026-09-07 23:07:49,226 INFO o.a.j.r.c.ReportGeneratorConfiguration: Property 'jmeter.reportgenerator.temp_dir' not found, using default value 'temp' instead.
2026-09-07 23:07:49,228 INFO o.a.j.r.c.ReportGeneratorConfiguration: Property 'jmeter.reportgenerator.apdex_per_transaction' not found, using default value 'null' instead.
2026-09-07 23:07:49,228 INFO o.a.j.r.c.ReportGeneratorConfiguration: apdex_per_transaction is empty, not APDEX per transaction customization
2026-09-07 23:07:49,228 INFO o.a.j.r.c.ReportGeneratorConfiguration: Property 'jmeter.reportgenerator.sample_filter' not found, using default value 'null' instead.
2026-09-07 23:07:49,228 INFO o.a.j.r.c.ReportGeneratorConfiguration: Property 'jmeter.reportgenerator.report_title' not found, using default value 'null' instead.
2026-09-07 23:07:49,228 INFO o.a.j.r.c.ReportGeneratorConfiguration: Property 'jmeter.reportgenerator.start_date' not found, using default value 'null' instead.
2026-09-07 23:07:49,228 INFO o.a.j.r.c.ReportGeneratorConfiguration: Property 'jmeter.reportgenerator.end_date' not found, using default value 'null' instead.
2026-09-07 23:07:49,228 INFO o.a.j.r.c.ReportGeneratorConfiguration: Property 'jmeter.reportgenerator.date_format' not found, using default value 'null' instead.
2026-09-07 23:07:49,229 INFO o.a.j.r.c.ReportGeneratorConfiguration: Will use date range start date: null, end date: null
2026-09-07 23:07:49,231 INFO o.a.j.r.c.ReportGeneratorConfiguration: Property 'jmeter.reportgenerator.graph.totalTPS.exclude_controllers' not found, using default value 'false' instead.
2026-09-07 23:07:49,231 INFO o.a.j.r.c.ReportGeneratorConfiguration: Property 'jmeter.reportgenerator.graph.activeThreadsOverTime.exclude_controllers' not found, using default value 'false' instead.
2026-09-07 23:07:49,232 INFO o.a.j.r.c.ReportGeneratorConfiguration: Property 'jmeter.reportgenerator.graph.timeVsThreads.exclude_controllers' not found, using default value 'false' instead.
2026-09-07 23:07:49,232 INFO o.a.j.r.c.ReportGeneratorConfiguration: Property 'jmeter.reportgenerator.graph.responseTimeDistribution.exclude_controllers' not found, using default value 'false' instead.
2026-09-07 23:07:49,232 INFO o.a.j.r.c.ReportGeneratorConfiguration: Property 'jmeter.reportgenerator.graph.transactionsPerSecond.exclude_controllers' not found, using default value 'false' instead.
2026-09-07 23:07:49,232 INFO o.a.j.r.c.ReportGeneratorConfiguration: Property 'jmeter.reportgenerator.graph.responseTimePercentiles.exclude_controllers' not found, using default value 'false' instead.
2026-09-07 23:07:49,232 INFO o.a.j.r.c.ReportGeneratorConfiguration: Property 'jmeter.reportgenerator.graph.responseTimePercentilesOverTime.exclude_controllers' not found, using default value 'false' instead.
2026-09-07 23:07:49,232 INFO o.a.j.r.c.ReportGeneratorConfiguration: Property 'jmeter.reportgenerator.graph.responseTimesOverTime.exclude_controllers' not found, using default value 'false' instead.
2026-09-07 23:07:49,233 INFO o.a.j.r.c.ReportGeneratorConfiguration: Property 'jmeter.reportgenerator.graph.connectTimeOverTime.exclude_controllers' not found, using default value 'false' instead.
2026-09-07 23:07:49,233 INFO o.a.j.r.c.ReportGeneratorConfiguration: Property 'jmeter.reportgenerator.graph.latenciesOverTime.exclude_controllers' not found, using default value 'false' instead.
2026-09-07 23:07:49,233 INFO o.a.j.r.c.ReportGeneratorConfiguration: Property 'jmeter.reportgenerator.exporter.json.filters_only_sample_series' not found, using default value 'true' instead.
2026-09-07 23:07:49,233 INFO o.a.j.r.c.ReportGeneratorConfiguration: Property 'jmeter.reportgenerator.exporter.json.series_filter' not found, using default value '' instead.
2026-09-07 23:07:49,233 INFO o.a.j.r.c.ReportGeneratorConfiguration: Property 'jmeter.reportgenerator.exporter.json.show_controllers_only' not found, using default value 'false' instead.
2026-09-07 23:07:49,233 INFO o.a.j.r.c.ReportGeneratorConfiguration: Property 'jmeter.reportgenerator.exporter.html.filters_only_sample_series' not found, using default value 'true' instead.
2026-09-07 23:07:49,233 INFO o.a.j.r.c.ReportGeneratorConfiguration: Property 'jmeter.reportgenerator.exporter.html.series_filter' not found, using default value '' instead.
2026-09-07 23:07:49,233 INFO o.a.j.r.c.ReportGeneratorConfiguration: Property 'jmeter.reportgenerator.exporter.html.show_controllers_only' not found, using default value 'false' instead.
2026-09-07 23:07:49,242 INFO o.a.j.e.StandardJMeterEngine: Running the test!
2026-09-07 23:07:49,243 INFO o.a.j.s.SampleEvent: List of sample_variables: []
2026-09-07 23:07:49,243 INFO o.a.j.s.SampleEvent: List of sample_variables: []
2026-09-07 23:07:49,247 INFO o.a.j.e.u.CompoundVariable: Note: Function class names must contain the string: '.functions.'
2026-09-07 23:07:49,247 INFO o.a.j.e.u.CompoundVariable: Note: Function class names must not contain the string: '.gui.'
2026-09-07 23:07:49,476 INFO o.a.j.JMeter: Running test (1788793669476)
2026-09-07 23:07:49,487 INFO o.a.j.e.StandardJMeterEngine: Starting ThreadGroup: 1 : 秒杀用户
2026-09-07 23:07:49,488 INFO o.a.j.e.StandardJMeterEngine: Starting 1000 threads for group 秒杀用户.
2026-09-07 23:07:49,488 INFO o.a.j.e.StandardJMeterEngine: Thread will continue on error
2026-09-07 23:07:49,488 INFO o.a.j.t.ThreadGroup: Starting thread group... number=1 threads=1000 ramp-up=20 delayedStart=false
2026-09-07 23:07:49,507 INFO o.a.j.s.SampleResult: Note: Sample TimeStamps are START times
2026-09-07 23:07:49,508 INFO o.a.j.s.SampleResult: sampleresult.default.encoding is set to UTF-8
2026-09-07 23:07:49,508 INFO o.a.j.s.SampleResult: sampleresult.useNanoTime=true
2026-09-07 23:07:49,508 INFO o.a.j.s.SampleResult: sampleresult.nanoThreadSleep=5000
2026-09-07 23:07:49,555 INFO o.a.j.t.JMeterThread: Thread started: 秒杀用户 1-1
2026-09-07 23:07:49,561 INFO o.a.j.s.FileServer: Stored: F:\hmdpcode\hm-dianping\hm-dianping\target\jmeter\tokens.csv
2026-09-07 23:07:49,573 INFO o.a.j.t.JMeterThread: Thread started: 秒杀用户 1-2
2026-09-07 23:07:49,592 INFO o.a.j.t.JMeterThread: Thread started: 秒杀用户 1-3
2026-09-07 23:07:49,609 INFO o.a.j.t.JMeterThread: Thread started: 秒杀用户 1-4
2026-09-07 23:07:49,630 INFO o.a.j.t.JMeterThread: Thread started: 秒杀用户 1-5
2026-09-07 23:07:49,649 INFO o.a.j.t.JMeterThread: Thread started: 秒杀用户 1-6
2026-09-07 23:07:49,669 INFO o.a.j.t.JMeterThread: Thread started: 秒杀用户 1-7
2026-09-07 23:07:49,691 INFO o.a.j.t.JMeterThread: Thread started: 秒杀用户 1-8
2026-09-07 23:07:49,709 INFO o.a.j.t.JMeterThread: Thread started: 秒杀用户 1-9
2026-09-07 23:07:49,729 INFO o.a.j.t.JMeterThread: Thread started: 秒杀用户 1-10
2026-09-07 23:07:49,749 INFO o.a.j.t.JMeterThread: Thread started: 秒杀用户 1-11
2026-09-07 23:07:49,765 INFO o.a.j.t.JMeterThread: Thread started: 秒杀用户 1-12
2026-09-07 23:07:49,785 INFO o.a.j.t.JMeterThread: Thread started: 秒杀用户 1-13
2026-09-07 23:07:49,806 INFO o.a.j.t.JMeterThread: Thread started: 秒杀用户 1-14
2026-09-07 23:07:49,824 INFO o.a.j.t.JMeterThread: Thread started: 秒杀用户 1-15
2026-09-07 23:07:49,844 INFO o.a.j.t.JMeterThread: Thread started: 秒杀用户 1-16
2026-09-07 23:07:49,862 INFO o.a.j.t.JMeterThread: Thread started: 秒杀用户 1-17
2026-09-07 23:07:49,884 INFO o.a.j.t.JMeterThread: Thread started: 秒杀用户 1-18
2026-09-07 23:07:49,891 INFO o.a.j.t.ThreadGroup: Started thread group number 1
2026-09-07 23:07:49,891 INFO o.a.j.e.StandardJMeterEngine: All thread groups have been started
2026-09-07 23:07:49,902 INFO o.a.j.t.JMeterThread: Thread started: 秒杀用户 1-19
2026-09-07 23:07:49,922 INFO o.a.j.t.JMeterThread: Thread started: 秒杀用户 1-20
2026-09-07 23:07:49,940 INFO o.a.j.t.JMeterThread: Thread started: 秒杀用户 1-21
2026-09-07 23:07:49,962 INFO o.a.j.t.JMeterThread: Thread started: 秒杀用户 1-22
2026-09-07 23:07:49,980 INFO o.a.j.t.JMeterThread: Thread started: 秒杀用户 1-23
2026-09-07 23:07:49,999 INFO o.a.j.t.JMeterThread: Thread started: 秒杀用户 1-24
2026-09-07 23:07:50,018 INFO o.a.j.t.JMeterThread: Thread started: 秒杀用户 1-25
2026-09-07 23:07:50,039 INFO o.a.j.t.JMeterThread: Thread started: 秒杀用户 1-26
2026-09-07 23:07:50,059 INFO o.a.j.t.JMeterThread: Thread started: 秒杀用户 1-27
2026-09-07 23:07:50,079 INFO o.a.j.t.JMeterThread: Thread started: 秒杀用户 1-28
2026-09-07 23:07:50,097 INFO o.a.j.t.JMeterThread: Thread started: 秒杀用户 1-29
2026-09-07 23:07:50,118 INFO o.a.j.t.JMeterThread: Thread started: 秒杀用户 1-30
2026-09-07 23:07:50,138 INFO o.a.j.t.JMeterThread: Thread started: 秒杀用户 1-31
2026-09-07 23:07:50,156 INFO o.a.j.t.JMeterThread: Thread started: 秒杀用户 1-32
2026-09-07 23:07:50,175 INFO o.a.j.t.JMeterThread: Thread started: 秒杀用户 1-33
2026-09-07 23:07:50,195 INFO o.a.j.t.JMeterThread: Thread started: 秒杀用户 1-34
2026-09-07 23:07:50,216 INFO o.a.j.t.JMeterThread: Thread started: 秒杀用户 1-35
2026-09-07 23:07:50,236 INFO o.a.j.t.JMeterThread: Thread started: 秒杀用户 1-36
2026-09-07 23:07:50,253 INFO o.a.j.t.JMeterThread: Thread started: 秒杀用户 1-37
2026-09-07 23:07:50,274 INFO o.a.j.t.JMeterThread: Thread started: 秒杀用户 1-38
2026-09-07 23:07:50,294 INFO o.a.j.t.JMeterThread: Thread started: 秒杀用户 1-39
2026-09-07 23:07:50,313 INFO o.a.j.t.JMeterThread: Thread started: 秒杀用户 1-40
2026-09-07 23:07:50,329 INFO o.a.j.t.JMeterThread: Thread started: 秒杀用户 1-41
2026-09-07 23:07:50,351 INFO o.a.j.t.JMeterThread: Thread started: 秒杀用户 1-42
2026-09-07 23:07:50,369 INFO o.a.j.t.JMeterThread: Thread started: 秒杀用户 1-43
2026-09-07 23:07:50,390 INFO o.a.j.t.JMeterThread: Thread started: 秒杀用户 1-44
2026-09-07 23:07:50,408 INFO o.a.j.t.JMeterThread: Thread started: 秒杀用户 1-45
2026-09-07 23:07:50,429 INFO o.a.j.t.JMeterThread: Thread started: 秒杀用户 1-46
2026-09-07 23:07:50,448 INFO o.a.j.t.JMeterThread: Thread started: 秒杀用户 1-47
2026-09-07 23:07:50,467 INFO o.a.j.t.JMeterThread: Thread started: 秒杀用户 1-48
2026-09-07 23:07:50,485 INFO o.a.j.t.JMeterThread: Thread started: 秒杀用户 1-49
2026-09-07 23:07:50,505 INFO o.a.j.t.JMeterThread: Thread started: 秒杀用户 1-50
2026-09-07 23:07:50,523 INFO o.a.j.t.JMeterThread: Thread started: 秒杀用户 1-51
2026-09-07 23:07:50,542 INFO o.a.j.t.JMeterThread: Thread started: 秒杀用户 1-52
2026-09-07 23:07:50,563 INFO o.a.j.t.JMeterThread: Thread started: 秒杀用户 1-53
2026-09-07 23:07:50,581 INFO o.a.j.t.JMeterThread: Thread started: 秒杀用户 1-54
2026-09-07 23:07:50,601 INFO o.a.j.t.JMeterThread: Thread started: 秒杀用户 1-55
2026-09-07 23:07:50,619 INFO o.a.j.t.JMeterThread: Thread started: 秒杀用户 1-56
2026-09-07 23:07:50,638 INFO o.a.j.t.JMeterThread: Thread started: 秒杀用户 1-57
2026-09-07 23:07:50,658 INFO o.a.j.t.JMeterThread: Thread started: 秒杀用户 1-58
2026-09-07 23:07:50,676 INFO o.a.j.t.JMeterThread: Thread started: 秒杀用户 1-59
2026-09-07 23:07:50,696 INFO o.a.j.t.JMeterThread: Thread started: 秒杀用户 1-60
2026-09-07 23:07:50,716 INFO o.a.j.t.JMeterThread: Thread started: 秒杀用户 1-61
2026-09-07 23:07:50,733 INFO o.a.j.t.JMeterThread: Thread started: 秒杀用户 1-62
2026-09-07 23:07:50,749 INFO o.a.j.t.JMeterThread: Thread started: 秒杀用户 1-63
2026-09-07 23:07:50,767 INFO o.a.j.t.JMeterThread: Thread started: 秒杀用户 1-64
2026-09-07 23:07:50,784 INFO o.a.j.t.JMeterThread: Thread started: 秒杀用户 1-65
2026-09-07 23:07:50,806 INFO o.a.j.t.JMeterThread: Thread started: 秒杀用户 1-66
2026-09-07 23:07:50,826 INFO o.a.j.t.JMeterThread: Thread started: 秒杀用户 1-67
2026-09-07 23:07:50,847 INFO o.a.j.t.JMeterThread: Thread started: 秒杀用户 1-68
2026-09-07 23:07:50,866 INFO o.a.j.t.JMeterThread: Thread started: 秒杀用户 1-69
2026-09-07 23:07:50,886 INFO o.a.j.t.JMeterThread: Thread started: 秒杀用户 1-70
2026-09-07 23:07:50,905 INFO o.a.j.t.JMeterThread: Thread started: 秒杀用户 1-71
2026-09-07 23:07:50,924 INFO o.a.j.t.JMeterThread: Thread started: 秒杀用户 1-72
2026-09-07 23:07:50,943 INFO o.a.j.t.JMeterThread: Thread started: 秒杀用户 1-73
2026-09-07 23:07:50,962 INFO o.a.j.t.JMeterThread: Thread started: 秒杀用户 1-74
2026-09-07 23:07:50,982 INFO o.a.j.t.JMeterThread: Thread started: 秒杀用户 1-75
2026-09-07 23:07:51,003 INFO o.a.j.t.JMeterThread: Thread started: 秒杀用户 1-76
2026-09-07 23:07:51,019 INFO o.a.j.t.JMeterThread: Thread started: 秒杀用户 1-77
2026-09-07 23:07:51,039 INFO o.a.j.t.JMeterThread: Thread started: 秒杀用户 1-78
2026-09-07 23:07:51,055 INFO o.a.j.t.JMeterThread: Thread started: 秒杀用户 1-79
2026-09-07 23:07:51,074 INFO o.a.j.t.JMeterThread: Thread started: 秒杀用户 1-80
2026-09-07 23:07:51,085 INFO o.a.j.p.h.s.HTTPHCAbstractImpl: Local host = Moon
2026-09-07 23:07:51,092 INFO o.a.j.t.JMeterThread: Thread started: 秒杀用户 1-81
2026-09-07 23:07:51,104 INFO o.a.j.p.h.s.HTTPHC4Impl: HTTP request retry count = 0
2026-09-07 23:07:51,110 INFO o.a.j.t.JMeterThread: Thread started: 秒杀用户 1-82
2026-09-07 23:07:51,129 INFO o.a.j.t.JMeterThread: Thread started: 秒杀用户 1-83
2026-09-07 23:07:51,149 INFO o.a.j.t.JMeterThread: Thread started: 秒杀用户 1-84
2026-09-07 23:07:51,169 INFO o.a.j.t.JMeterThread: Thread started: 秒杀用户 1-85
2026-09-07 23:07:51,190 INFO o.a.j.t.JMeterThread: Thread started: 秒杀用户 1-86
2026-09-07 23:07:51,210 INFO o.a.j.t.JMeterThread: Thread started: 秒杀用户 1-87
2026-09-07 23:07:51,230 INFO o.a.j.t.JMeterThread: Thread started: 秒杀用户 1-88
2026-09-07 23:07:51,249 INFO o.a.j.t.JMeterThread: Thread started: 秒杀用户 1-89
2026-09-07 23:07:51,270 INFO o.a.j.t.JMeterThread: Thread started: 秒杀用户 1-90
2026-09-07 23:07:51,290 INFO o.a.j.t.JMeterThread: Thread started: 秒杀用户 1-91
2026-09-07 23:07:51,310 INFO o.a.j.t.JMeterThread: Thread started: 秒杀用户 1-92
2026-09-07 23:07:51,330 INFO o.a.j.t.JMeterThread: Thread started: 秒杀用户 1-93
2026-09-07 23:07:51,349 INFO o.a.j.t.JMeterThread: Thread started: 秒杀用户 1-94
2026-09-07 23:07:51,370 INFO o.a.j.t.JMeterThread: Thread started: 秒杀用户 1-95
2026-09-07 23:07:51,388 INFO o.a.j.t.JMeterThread: Thread started: 秒杀用户 1-96
2026-09-07 23:07:51,408 INFO o.a.j.t.JMeterThread: Thread started: 秒杀用户 1-97
2026-09-07 23:07:51,429 INFO o.a.j.t.JMeterThread: Thread started: 秒杀用户 1-98
2026-09-07 23:07:51,450 INFO o.a.j.t.JMeterThread: Thread started: 秒杀用户 1-99
2026-09-07 23:07:51,468 INFO o.a.j.t.JMeterThread: Thread started: 秒杀用户 1-100
2026-09-07 23:07:51,489 INFO o.a.j.t.JMeterThread: Thread started: 秒杀用户 1-101
2026-09-07 23:07:51,510 INFO o.a.j.t.JMeterThread: Thread started: 秒杀用户 1-102
2026-09-07 23:07:51,529 INFO o.a.j.t.JMeterThread: Thread started: 秒杀用户 1-103
2026-09-07 23:07:51,550 INFO o.a.j.t.JMeterThread: Thread started: 秒杀用户 1-104
2026-09-07 23:07:51,568 INFO o.a.j.t.JMeterThread: Thread started: 秒杀用户 1-105
2026-09-07 23:07:51,589 INFO o.a.j.t.JMeterThread: Thread started: 秒杀用户 1-106
2026-09-07 23:07:51,608 INFO o.a.j.t.JMeterThread: Thread started: 秒杀用户 1-107
2026-09-07 23:07:51,629 INFO o.a.j.t.JMeterThread: Thread started: 秒杀用户 1-108
2026-09-07 23:07:51,650 INFO o.a.j.t.JMeterThread: Thread started: 秒杀用户 1-109
2026-09-07 23:07:51,669 INFO o.a.j.t.JMeterThread: Thread started: 秒杀用户 1-110
2026-09-07 23:07:51,695 INFO o.a.j.t.JMeterThread: Thread started: 秒杀用户 1-111
2026-09-07 23:07:51,710 INFO o.a.j.t.JMeterThread: Thread started: 秒杀用户 1-112
2026-09-07 23:07:51,729 INFO o.a.j.t.JMeterThread: Thread started: 秒杀用户 1-113
2026-09-07 23:07:51,749 INFO o.a.j.t.JMeterThread: Thread started: 秒杀用户 1-114
2026-09-07 23:07:51,769 INFO o.a.j.t.JMeterThread: Thread started: 秒杀用户 1-115
2026-09-07 23:07:51,770 INFO o.a.j.t.JMeterThread: Thread is done: 秒杀用户 1-65
2026-09-07 23:07:51,770 INFO o.a.j.t.JMeterThread: Thread is done: 秒杀用户 1-58
2026-09-07 23:07:51,770 INFO o.a.j.t.JMeterThread: Thread is done: 秒杀用户 1-4
2026-09-07 23:07:51,770 INFO o.a.j.t.JMeterThread: Thread is done: 秒杀用户 1-56
2026-09-07 23:07:51,770 INFO o.a.j.t.JMeterThread: Thread finished: 秒杀用户 1-4
2026-09-07 23:07:51,770 INFO o.a.j.t.JMeterThread: Thread finished: 秒杀用户 1-58
2026-09-07 23:07:51,770 INFO o.a.j.t.JMeterThread: Thread finished: 秒杀用户 1-65
2026-09-07 23:07:51,770 INFO o.a.j.t.JMeterThread: Thread finished: 秒杀用户 1-56
2026-09-07 23:07:51,770 INFO o.a.j.t.JMeterThread: Thread is done: 秒杀用户 1-19
2026-09-07 23:07:51,770 INFO o.a.j.t.JMeterThread: Thread finished: 秒杀用户 1-19
2026-09-07 23:07:51,770 INFO o.a.j.t.JMeterThread: Thread is done: 秒杀用户 1-39
2026-09-07 23:07:51,770 INFO o.a.j.t.JMeterThread: Thread finished: 秒杀用户 1-39
2026-09-07 23:07:51,770 INFO o.a.j.t.JMeterThread: Thread is done: 秒杀用户 1-11
2026-09-07 23:07:51,770 INFO o.a.j.t.JMeterThread: Thread is done: 秒杀用户 1-53
2026-09-07 23:07:51,770 INFO o.a.j.t.JMeterThread: Thread is done: 秒杀用户 1-52
2026-09-07 23:07:51,770 INFO o.a.j.t.JMeterThread: Thread finished: 秒杀用户 1-11
2026-09-07 23:07:51,770 INFO o.a.j.t.JMeterThread: Thread finished: 秒杀用户 1-53
2026-09-07 23:07:51,770 INFO o.a.j.t.JMeterThread: Thread finished: 秒杀用户 1-52
2026-09-07 23:07:51,771 INFO o.a.j.t.JMeterThread: Thread is done: 秒杀用户 1-82
2026-09-07 23:07:51,771 INFO o.a.j.t.JMeterThread: Thread finished: 秒杀用户 1-82
2026-09-07 23:07:51,771 INFO o.a.j.t.JMeterThread: Thread is done: 秒杀用户 1-70
2026-09-07 23:07:51,772 INFO o.a.j.t.JMeterThread: Thread finished: 秒杀用户 1-70
2026-09-07 23:07:51,772 INFO o.a.j.t.JMeterThread: Thread is done: 秒杀用户 1-12
2026-09-07 23:07:51,772 INFO o.a.j.t.JMeterThread: Thread finished: 秒杀用户 1-12
2026-09-07 23:07:51,773 INFO o.a.j.t.JMeterThread: Thread is done: 秒杀用户 1-69
2026-09-07 23:07:51,773 INFO o.a.j.t.JMeterThread: Thread finished: 秒杀用户 1-69
2026-09-07 23:07:51,774 INFO o.a.j.t.JMeterThread: Thread is done: 秒杀用户 1-15
2026-09-07 23:07:51,774 INFO o.a.j.t.JMeterThread: Thread finished: 秒杀用户 1-15
2026-09-07 23:07:51,774 INFO o.a.j.t.JMeterThread: Thread is done: 秒杀用户 1-22
2026-09-07 23:07:51,774 INFO o.a.j.t.JMeterThread: Thread finished: 秒杀用户 1-22
2026-09-07 23:07:51,775 INFO o.a.j.t.JMeterThread: Thread is done: 秒杀用户 1-95
2026-09-07 23:07:51,775 INFO o.a.j.t.JMeterThread: Thread finished: 秒杀用户 1-95
2026-09-07 23:07:51,776 INFO o.a.j.t.JMeterThread: Thread is done: 秒杀用户 1-46
2026-09-07 23:07:51,776 INFO o.a.j.t.JMeterThread: Thread finished: 秒杀用户 1-46
2026-09-07 23:07:51,777 INFO o.a.j.t.JMeterThread: Thread is done: 秒杀用户 1-9
2026-09-07 23:07:51,777 INFO o.a.j.t.JMeterThread: Thread finished: 秒杀用户 1-9
2026-09-07 23:07:51,777 INFO o.a.j.t.JMeterThread: Thread is done: 秒杀用户 1-51
2026-09-07 23:07:51,777 INFO o.a.j.t.JMeterThread: Thread finished: 秒杀用户 1-51
2026-09-07 23:07:51,778 INFO o.a.j.t.JMeterThread: Thread is done: 秒杀用户 1-85
2026-09-07 23:07:51,778 INFO o.a.j.t.JMeterThread: Thread finished: 秒杀用户 1-85
2026-09-07 23:07:51,778 INFO o.a.j.t.JMeterThread: Thread is done: 秒杀用户 1-13
2026-09-07 23:07:51,778 INFO o.a.j.t.JMeterThread: Thread finished: 秒杀用户 1-13
2026-09-07 23:07:51,779 INFO o.a.j.t.JMeterThread: Thread is done: 秒杀用户 1-74
2026-09-07 23:07:51,779 INFO o.a.j.t.JMeterThread: Thread finished: 秒杀用户 1-74
2026-09-07 23:07:51,780 INFO o.a.j.t.JMeterThread: Thread is done: 秒杀用户 1-5
2026-09-07 23:07:51,780 INFO o.a.j.t.JMeterThread: Thread finished: 秒杀用户 1-5
2026-09-07 23:07:51,780 INFO o.a.j.t.JMeterThread: Thread is done: 秒杀用户 1-89
2026-09-07 23:07:51,781 INFO o.a.j.t.JMeterThread: Thread finished: 秒杀用户 1-89
2026-09-07 23:07:51,788 INFO o.a.j.t.JMeterThread: Thread started: 秒杀用户 1-116
2026-09-07 23:07:51,804 INFO o.a.j.t.JMeterThread: Thread is done: 秒杀用户 1-83
2026-09-07 23:07:51,804 INFO o.a.j.t.JMeterThread: Thread finished: 秒杀用户 1-83
2026-09-07 23:07:51,809 INFO o.a.j.t.JMeterThread: Thread is done: 秒杀用户 1-61
2026-09-07 23:07:51,809 INFO o.a.j.t.JMeterThread: Thread finished: 秒杀用户 1-61
2026-09-07 23:07:51,811 INFO o.a.j.t.JMeterThread: Thread started: 秒杀用户 1-117
2026-09-07 23:07:51,813 INFO o.a.j.t.JMeterThread: Thread is done: 秒杀用户 1-91
2026-09-07 23:07:51,813 INFO o.a.j.t.JMeterThread: Thread is done: 秒杀用户 1-10
2026-09-07 23:07:51,813 INFO o.a.j.t.JMeterThread: Thread finished: 秒杀用户 1-91
2026-09-07 23:07:51,813 INFO o.a.j.t.JMeterThread: Thread finished: 秒杀用户 1-10
2026-09-07 23:07:51,815 INFO o.a.j.t.JMeterThread: Thread is done: 秒杀用户 1-32
2026-09-07 23:07:51,815 INFO o.a.j.t.JMeterThread: Thread is done: 秒杀用户 1-76
2026-09-07 23:07:51,815 INFO o.a.j.t.JMeterThread: Thread finished: 秒杀用户 1-32
2026-09-07 23:07:51,815 INFO o.a.j.t.JMeterThread: Thread finished: 秒杀用户 1-76
2026-09-07 23:07:51,818 INFO o.a.j.t.JMeterThread: Thread is done: 秒杀用户 1-44
2026-09-07 23:07:51,818 INFO o.a.j.t.JMeterThread: Thread finished: 秒杀用户 1-44
2026-09-07 23:07:51,819 INFO o.a.j.t.JMeterThread: Thread is done: 秒杀用户 1-24
2026-09-07 23:07:51,819 INFO o.a.j.t.JMeterThread: Thread finished: 秒杀用户 1-24
2026-09-07 23:07:51,820 INFO o.a.j.t.JMeterThread: Thread is done: 秒杀用户 1-20
2026-09-07 23:07:51,820 INFO o.a.j.t.JMeterThread: Thread finished: 秒杀用户 1-20
2026-09-07 23:07:51,820 INFO o.a.j.t.JMeterThread: Thread is done: 秒杀用户 1-67
2026-09-07 23:07:51,820 INFO o.a.j.t.JMeterThread: Thread finished: 秒杀用户 1-67
2026-09-07 23:07:51,820 INFO o.a.j.t.JMeterThread: Thread is done: 秒杀用户 1-77
2026-09-07 23:07:51,820 INFO o.a.j.t.JMeterThread: Thread is done: 秒杀用户 1-29
2026-09-07 23:07:51,820 INFO o.a.j.t.JMeterThread: Thread finished: 秒杀用户 1-77
2026-09-07 23:07:51,820 INFO o.a.j.t.JMeterThread: Thread finished: 秒杀用户 1-29
2026-09-07 23:07:51,820 INFO o.a.j.t.JMeterThread: Thread is done: 秒杀用户 1-60
2026-09-07 23:07:51,820 INFO o.a.j.t.JMeterThread: Thread finished: 秒杀用户 1-60
2026-09-07 23:07:51,822 INFO o.a.j.t.JMeterThread: Thread is done: 秒杀用户 1-6
2026-09-07 23:07:51,822 INFO o.a.j.t.JMeterThread: Thread finished: 秒杀用户 1-6
2026-09-07 23:07:51,822 INFO o.a.j.t.JMeterThread: Thread is done: 秒杀用户 1-8
2026-09-07 23:07:51,822 INFO o.a.j.t.JMeterThread: Thread finished: 秒杀用户 1-8
2026-09-07 23:07:51,822 INFO o.a.j.t.JMeterThread: Thread is done: 秒杀用户 1-16
2026-09-07 23:07:51,823 INFO o.a.j.t.JMeterThread: Thread finished: 秒杀用户 1-16
2026-09-07 23:07:51,823 INFO o.a.j.t.JMeterThread: Thread is done: 秒杀用户 1-47
2026-09-07 23:07:51,823 INFO o.a.j.t.JMeterThread: Thread finished: 秒杀用户 1-47
2026-09-07 23:07:51,831 INFO o.a.j.t.JMeterThread: Thread started: 秒杀用户 1-118
2026-09-07 23:07:51,849 INFO o.a.j.t.JMeterThread: Thread started: 秒杀用户 1-119
2026-09-07 23:07:51,869 INFO o.a.j.t.JMeterThread: Thread started: 秒杀用户 1-120
2026-09-07 23:07:51,888 INFO o.a.j.t.JMeterThread: Thread started: 秒杀用户 1-121
2026-09-07 23:07:51,909 INFO o.a.j.t.JMeterThread: Thread started: 秒杀用户 1-122
2026-09-07 23:07:51,913 INFO o.a.j.t.JMeterThread: Thread is done: 秒杀用户 1-64
2026-09-07 23:07:51,913 INFO o.a.j.t.JMeterThread: Thread finished: 秒杀用户 1-64
2026-09-07 23:07:51,913 INFO o.a.j.t.JMeterThread: Thread is done: 秒杀用户 1-17
2026-09-07 23:07:51,913 INFO o.a.j.t.JMeterThread: Thread finished: 秒杀用户 1-17
2026-09-07 23:07:51,919 INFO o.a.j.t.JMeterThread: Thread is done: 秒杀用户 1-54
2026-09-07 23:07:51,919 INFO o.a.j.t.JMeterThread: Thread finished: 秒杀用户 1-54
2026-09-07 23:07:51,920 INFO o.a.j.t.JMeterThread: Thread is done: 秒杀用户 1-26
2026-09-07 23:07:51,920 INFO o.a.j.t.JMeterThread: Thread finished: 秒杀用户 1-26
2026-09-07 23:07:51,920 INFO o.a.j.t.JMeterThread: Thread is done: 秒杀用户 1-30
2026-09-07 23:07:51,920 INFO o.a.j.t.JMeterThread: Thread finished: 秒杀用户 1-30
2026-09-07 23:07:51,923 INFO o.a.j.t.JMeterThread: Thread is done: 秒杀用户 1-18
2026-09-07 23:07:51,923 INFO o.a.j.t.JMeterThread: Thread is done: 秒杀用户 1-3
2026-09-07 23:07:51,923 INFO o.a.j.t.JMeterThread: Thread finished: 秒杀用户 1-18
2026-09-07 23:07:51,923 INFO o.a.j.t.JMeterThread: Thread finished: 秒杀用户 1-3
2026-09-07 23:07:51,925 INFO o.a.j.t.JMeterThread: Thread is done: 秒杀用户 1-48
2026-09-07 23:07:51,925 INFO o.a.j.t.JMeterThread: Thread finished: 秒杀用户 1-48
2026-09-07 23:07:51,926 INFO o.a.j.t.JMeterThread: Thread is done: 秒杀用户 1-92
2026-09-07 23:07:51,926 INFO o.a.j.t.JMeterThread: Thread finished: 秒杀用户 1-92
2026-09-07 23:07:51,928 INFO o.a.j.t.JMeterThread: Thread is done: 秒杀用户 1-59
2026-09-07 23:07:51,928 INFO o.a.j.t.JMeterThread: Thread finished: 秒杀用户 1-59
2026-09-07 23:07:51,928 INFO o.a.j.t.JMeterThread: Thread is done: 秒杀用户 1-1
2026-09-07 23:07:51,928 INFO o.a.j.t.JMeterThread: Thread finished: 秒杀用户 1-1
2026-09-07 23:07:51,929 INFO o.a.j.t.JMeterThread: Thread is done: 秒杀用户 1-66
2026-09-07 23:07:51,929 INFO o.a.j.t.JMeterThread: Thread finished: 秒杀用户 1-66
2026-09-07 23:07:51,929 INFO o.a.j.t.JMeterThread: Thread is done: 秒杀用户 1-14
2026-09-07 23:07:51,929 INFO o.a.j.t.JMeterThread: Thread finished: 秒杀用户 1-14
2026-09-07 23:07:51,929 INFO o.a.j.t.JMeterThread: Thread started: 秒杀用户 1-123
2026-09-07 23:07:51,930 INFO o.a.j.t.JMeterThread: Thread is done: 秒杀用户 1-31
2026-09-07 23:07:51,930 INFO o.a.j.t.JMeterThread: Thread finished: 秒杀用户 1-31
2026-09-07 23:07:51,930 INFO o.a.j.t.JMeterThread: Thread is done: 秒杀用户 1-50
2026-09-07 23:07:51,930 INFO o.a.j.t.JMeterThread: Thread finished: 秒杀用户 1-50
2026-09-07 23:07:51,935 INFO o.a.j.t.JMeterThread: Thread is done: 秒杀用户 1-73
2026-09-07 23:07:51,935 INFO o.a.j.t.JMeterThread: Thread finished: 秒杀用户 1-73
2026-09-07 23:07:51,948 INFO o.a.j.t.JMeterThread: Thread started: 秒杀用户 1-124
2026-09-07 23:07:51,969 INFO o.a.j.t.JMeterThread: Thread started: 秒杀用户 1-125
2026-09-07 23:07:51,993 INFO o.a.j.t.JMeterThread: Thread started: 秒杀用户 1-126
2026-09-07 23:07:52,011 INFO o.a.j.t.JMeterThread: Thread started: 秒杀用户 1-127
2026-09-07 23:07:52,030 INFO o.a.j.t.JMeterThread: Thread is done: 秒杀用户 1-55
2026-09-07 23:07:52,030 INFO o.a.j.t.JMeterThread: Thread finished: 秒杀用户 1-55
2026-09-07 23:07:52,030 INFO o.a.j.t.JMeterThread: Thread started: 秒杀用户 1-128
2026-09-07 23:07:52,032 INFO o.a.j.t.JMeterThread: Thread is done: 秒杀用户 1-38
2026-09-07 23:07:52,032 INFO o.a.j.t.JMeterThread: Thread is done: 秒杀用户 1-94
2026-09-07 23:07:52,032 INFO o.a.j.t.JMeterThread: Thread is done: 秒杀用户 1-90
2026-09-07 23:07:52,032 INFO o.a.j.t.JMeterThread: Thread is done: 秒杀用户 1-96
2026-09-07 23:07:52,032 INFO o.a.j.t.JMeterThread: Thread finished: 秒杀用户 1-90
2026-09-07 23:07:52,032 INFO o.a.j.t.JMeterThread: Thread finished: 秒杀用户 1-96
2026-09-07 23:07:52,032 INFO o.a.j.t.JMeterThread: Thread finished: 秒杀用户 1-38
2026-09-07 23:07:52,032 INFO o.a.j.t.JMeterThread: Thread finished: 秒杀用户 1-94
2026-09-07 23:07:52,033 INFO o.a.j.t.JMeterThread: Thread is done: 秒杀用户 1-75
2026-09-07 23:07:52,033 INFO o.a.j.t.JMeterThread: Thread is done: 秒杀用户 1-99
2026-09-07 23:07:52,033 INFO o.a.j.t.JMeterThread: Thread is done: 秒杀用户 1-40
2026-09-07 23:07:52,033 INFO o.a.j.t.JMeterThread: Thread finished: 秒杀用户 1-99
2026-09-07 23:07:52,033 INFO o.a.j.t.JMeterThread: Thread finished: 秒杀用户 1-75
2026-09-07 23:07:52,033 INFO o.a.j.t.JMeterThread: Thread finished: 秒杀用户 1-40
2026-09-07 23:07:52,035 INFO o.a.j.t.JMeterThread: Thread is done: 秒杀用户 1-79
2026-09-07 23:07:52,035 INFO o.a.j.t.JMeterThread: Thread finished: 秒杀用户 1-79
2026-09-07 23:07:52,035 INFO o.a.j.t.JMeterThread: Thread is done: 秒杀用户 1-33
2026-09-07 23:07:52,035 INFO o.a.j.t.JMeterThread: Thread finished: 秒杀用户 1-33
2026-09-07 23:07:52,036 INFO o.a.j.t.JMeterThread: Thread is done: 秒杀用户 1-43
2026-09-07 23:07:52,036 INFO o.a.j.t.JMeterThread: Thread finished: 秒杀用户 1-43
2026-09-07 23:07:52,049 INFO o.a.j.t.JMeterThread: Thread started: 秒杀用户 1-129
2026-09-07 23:07:52,069 INFO o.a.j.t.JMeterThread: Thread started: 秒杀用户 1-130
2026-09-07 23:07:52,089 INFO o.a.j.t.JMeterThread: Thread started: 秒杀用户 1-131
2026-09-07 23:07:52,111 INFO o.a.j.t.JMeterThread: Thread started: 秒杀用户 1-132
2026-09-07 23:07:52,121 INFO o.a.j.t.JMeterThread: Thread is done: 秒杀用户 1-36
2026-09-07 23:07:52,121 INFO o.a.j.t.JMeterThread: Thread is done: 秒杀用户 1-86
2026-09-07 23:07:52,121 INFO o.a.j.t.JMeterThread: Thread finished: 秒杀用户 1-36
2026-09-07 23:07:52,121 INFO o.a.j.t.JMeterThread: Thread is done: 秒杀用户 1-34
2026-09-07 23:07:52,121 INFO o.a.j.t.JMeterThread: Thread is done: 秒杀用户 1-71
2026-09-07 23:07:52,121 INFO o.a.j.t.JMeterThread: Thread finished: 秒杀用户 1-34
2026-09-07 23:07:52,121 INFO o.a.j.t.JMeterThread: Thread finished: 秒杀用户 1-86
2026-09-07 23:07:52,121 INFO o.a.j.t.JMeterThread: Thread is done: 秒杀用户 1-80
2026-09-07 23:07:52,122 INFO o.a.j.t.JMeterThread: Thread finished: 秒杀用户 1-80
2026-09-07 23:07:52,122 INFO o.a.j.t.JMeterThread: Thread finished: 秒杀用户 1-71
2026-09-07 23:07:52,130 INFO o.a.j.t.JMeterThread: Thread started: 秒杀用户 1-133
2026-09-07 23:07:52,135 INFO o.a.j.t.JMeterThread: Thread is done: 秒杀用户 1-88
2026-09-07 23:07:52,135 INFO o.a.j.t.JMeterThread: Thread is done: 秒杀用户 1-45
2026-09-07 23:07:52,135 INFO o.a.j.t.JMeterThread: Thread is done: 秒杀用户 1-2
2026-09-07 23:07:52,135 INFO o.a.j.t.JMeterThread: Thread finished: 秒杀用户 1-45
2026-09-07 23:07:52,135 INFO o.a.j.t.JMeterThread: Thread finished: 秒杀用户 1-88
2026-09-07 23:07:52,135 INFO o.a.j.t.JMeterThread: Thread finished: 秒杀用户 1-2
2026-09-07 23:07:52,135 INFO o.a.j.t.JMeterThread: Thread is done: 秒杀用户 1-78
2026-09-07 23:07:52,135 INFO o.a.j.t.JMeterThread: Thread finished: 秒杀用户 1-78
2026-09-07 23:07:52,135 INFO o.a.j.t.JMeterThread: Thread is done: 秒杀用户 1-72
2026-09-07 23:07:52,135 INFO o.a.j.t.JMeterThread: Thread finished: 秒杀用户 1-72
2026-09-07 23:07:52,136 INFO o.a.j.t.JMeterThread: Thread is done: 秒杀用户 1-35
2026-09-07 23:07:52,136 INFO o.a.j.t.JMeterThread: Thread finished: 秒杀用户 1-35
2026-09-07 23:07:52,139 INFO o.a.j.t.JMeterThread: Thread is done: 秒杀用户 1-21
2026-09-07 23:07:52,139 INFO o.a.j.t.JMeterThread: Thread is done: 秒杀用户 1-62
2026-09-07 23:07:52,139 INFO o.a.j.t.JMeterThread: Thread finished: 秒杀用户 1-21
2026-09-07 23:07:52,139 INFO o.a.j.t.JMeterThread: Thread finished: 秒杀用户 1-62
2026-09-07 23:07:52,142 INFO o.a.j.t.JMeterThread: Thread is done: 秒杀用户 1-25
2026-09-07 23:07:52,142 INFO o.a.j.t.JMeterThread: Thread finished: 秒杀用户 1-25
2026-09-07 23:07:52,144 INFO o.a.j.t.JMeterThread: Thread is done: 秒杀用户 1-23
2026-09-07 23:07:52,144 INFO o.a.j.t.JMeterThread: Thread finished: 秒杀用户 1-23
2026-09-07 23:07:52,150 INFO o.a.j.t.JMeterThread: Thread started: 秒杀用户 1-134
2026-09-07 23:07:52,170 INFO o.a.j.t.JMeterThread: Thread started: 秒杀用户 1-135
2026-09-07 23:07:52,191 INFO o.a.j.t.JMeterThread: Thread started: 秒杀用户 1-136
2026-09-07 23:07:52,210 INFO o.a.j.t.JMeterThread: Thread started: 秒杀用户 1-137
2026-09-07 23:07:52,226 INFO o.a.j.t.JMeterThread: Thread is done: 秒杀用户 1-28
2026-09-07 23:07:52,226 INFO o.a.j.t.JMeterThread: Thread finished: 秒杀用户 1-28
2026-09-07 23:07:52,229 INFO o.a.j.t.JMeterThread: Thread started: 秒杀用户 1-138
2026-09-07 23:07:52,239 INFO o.a.j.t.JMeterThread: Thread is done: 秒杀用户 1-41
2026-09-07 23:07:52,239 INFO o.a.j.t.JMeterThread: Thread is done: 秒杀用户 1-37
2026-09-07 23:07:52,239 INFO o.a.j.t.JMeterThread: Thread finished: 秒杀用户 1-41
2026-09-07 23:07:52,239 INFO o.a.j.t.JMeterThread: Thread finished: 秒杀用户 1-37
2026-09-07 23:07:52,243 INFO o.a.j.t.JMeterThread: Thread is done: 秒杀用户 1-42
2026-09-07 23:07:52,243 INFO o.a.j.t.JMeterThread: Thread is done: 秒杀用户 1-49
2026-09-07 23:07:52,243 INFO o.a.j.t.JMeterThread: Thread is done: 秒杀用户 1-63
2026-09-07 23:07:52,243 INFO o.a.j.t.JMeterThread: Thread finished: 秒杀用户 1-42
2026-09-07 23:07:52,243 INFO o.a.j.t.JMeterThread: Thread finished: 秒杀用户 1-63
2026-09-07 23:07:52,243 INFO o.a.j.t.JMeterThread: Thread finished: 秒杀用户 1-49
2026-09-07 23:07:52,245 INFO o.a.j.t.JMeterThread: Thread is done: 秒杀用户 1-93
2026-09-07 23:07:52,246 INFO o.a.j.t.JMeterThread: Thread finished: 秒杀用户 1-93
2026-09-07 23:07:52,247 INFO o.a.j.t.JMeterThread: Thread is done: 秒杀用户 1-27
2026-09-07 23:07:52,247 INFO o.a.j.t.JMeterThread: Thread finished: 秒杀用户 1-27
2026-09-07 23:07:52,247 INFO o.a.j.t.JMeterThread: Thread is done: 秒杀用户 1-57
2026-09-07 23:07:52,247 INFO o.a.j.t.JMeterThread: Thread finished: 秒杀用户 1-57
2026-09-07 23:07:52,251 INFO o.a.j.t.JMeterThread: Thread started: 秒杀用户 1-139
2026-09-07 23:07:52,251 INFO o.a.j.t.JMeterThread: Thread is done: 秒杀用户 1-97
2026-09-07 23:07:52,251 INFO o.a.j.t.JMeterThread: Thread finished: 秒杀用户 1-97
2026-09-07 23:07:52,251 INFO o.a.j.t.JMeterThread: Thread is done: 秒杀用户 1-7
2026-09-07 23:07:52,251 INFO o.a.j.t.JMeterThread: Thread is done: 秒杀用户 1-81
2026-09-07 23:07:52,251 INFO o.a.j.t.JMeterThread: Thread finished: 秒杀用户 1-7
2026-09-07 23:07:52,251 INFO o.a.j.t.JMeterThread: Thread is done: 秒杀用户 1-68
2026-09-07 23:07:52,251 INFO o.a.j.t.JMeterThread: Thread finished: 秒杀用户 1-81
2026-09-07 23:07:52,251 INFO o.a.j.t.JMeterThread: Thread finished: 秒杀用户 1-68
2026-09-07 23:07:52,268 INFO o.a.j.t.JMeterThread: Thread started: 秒杀用户 1-140
2026-09-07 23:07:52,290 INFO o.a.j.t.JMeterThread: Thread started: 秒杀用户 1-141
2026-09-07 23:07:52,309 INFO o.a.j.t.JMeterThread: Thread started: 秒杀用户 1-142
2026-09-07 23:07:52,330 INFO o.a.j.t.JMeterThread: Thread started: 秒杀用户 1-143
2026-09-07 23:07:52,343 INFO o.a.j.t.JMeterThread: Thread is done: 秒杀用户 1-104
2026-09-07 23:07:52,344 INFO o.a.j.t.JMeterThread: Thread finished: 秒杀用户 1-104
2026-09-07 23:07:52,344 INFO o.a.j.t.JMeterThread: Thread is done: 秒杀用户 1-102
2026-09-07 23:07:52,344 INFO o.a.j.t.JMeterThread: Thread is done: 秒杀用户 1-87
2026-09-07 23:07:52,344 INFO o.a.j.t.JMeterThread: Thread finished: 秒杀用户 1-102
2026-09-07 23:07:52,344 INFO o.a.j.t.JMeterThread: Thread finished: 秒杀用户 1-87
2026-09-07 23:07:52,348 INFO o.a.j.t.JMeterThread: Thread is done: 秒杀用户 1-103
2026-09-07 23:07:52,348 INFO o.a.j.t.JMeterThread: Thread is done: 秒杀用户 1-105
2026-09-07 23:07:52,348 INFO o.a.j.t.JMeterThread: Thread is done: 秒杀用户 1-100
2026-09-07 23:07:52,348 INFO o.a.j.t.JMeterThread: Thread finished: 秒杀用户 1-103
2026-09-07 23:07:52,348 INFO o.a.j.t.JMeterThread: Thread finished: 秒杀用户 1-105
2026-09-07 23:07:52,348 INFO o.a.j.t.JMeterThread: Thread finished: 秒杀用户 1-100
2026-09-07 23:07:52,349 INFO o.a.j.t.JMeterThread: Thread is done: 秒杀用户 1-101
2026-09-07 23:07:52,349 INFO o.a.j.t.JMeterThread: Thread finished: 秒杀用户 1-101
2026-09-07 23:07:52,350 INFO o.a.j.t.JMeterThread: Thread started: 秒杀用户 1-144
2026-09-07 23:07:52,351 INFO o.a.j.t.JMeterThread: Thread is done: 秒杀用户 1-84
2026-09-07 23:07:52,351 INFO o.a.j.t.JMeterThread: Thread finished: 秒杀用户 1-84
2026-09-07 23:07:52,356 INFO o.a.j.t.JMeterThread: Thread is done: 秒杀用户 1-98
2026-09-07 23:07:52,356 INFO o.a.j.t.JMeterThread: Thread finished: 秒杀用户 1-98
2026-09-07 23:07:52,356 INFO o.a.j.t.JMeterThread: Thread is done: 秒杀用户 1-106
2026-09-07 23:07:52,356 INFO o.a.j.t.JMeterThread: Thread finished: 秒杀用户 1-106
2026-09-07 23:07:52,369 INFO o.a.j.t.JMeterThread: Thread started: 秒杀用户 1-145
2026-09-07 23:07:52,374 INFO o.a.j.t.JMeterThread: Thread is done: 秒杀用户 1-108
2026-09-07 23:07:52,375 INFO o.a.j.t.JMeterThread: Thread finished: 秒杀用户 1-108
2026-09-07 23:07:52,375 INFO o.a.j.t.JMeterThread: Thread is done: 秒杀用户 1-107
2026-09-07 23:07:52,375 INFO o.a.j.t.JMeterThread: Thread finished: 秒杀用户 1-107
2026-09-07 23:07:52,390 INFO o.a.j.t.JMeterThread: Thread started: 秒杀用户 1-146
2026-09-07 23:07:52,394 INFO o.a.j.t.JMeterThread: Thread is done: 秒杀用户 1-114
2026-09-07 23:07:52,394 INFO o.a.j.t.JMeterThread: Thread finished: 秒杀用户 1-114
2026-09-07 23:07:52,409 INFO o.a.j.t.JMeterThread: Thread started: 秒杀用户 1-147
2026-09-07 23:07:52,410 INFO o.a.j.t.JMeterThread: Thread is done: 秒杀用户 1-109
2026-09-07 23:07:52,410 INFO o.a.j.t.JMeterThread: Thread is done: 秒杀用户 1-115
2026-09-07 23:07:52,410 INFO o.a.j.t.JMeterThread: Thread finished: 秒杀用户 1-109
2026-09-07 23:07:52,410 INFO o.a.j.t.JMeterThread: Thread finished: 秒杀用户 1-115
2026-09-07 23:07:52,410 INFO o.a.j.t.JMeterThread: Thread is done: 秒杀用户 1-110
2026-09-07 23:07:52,410 INFO o.a.j.t.JMeterThread: Thread finished: 秒杀用户 1-110
2026-09-07 23:07:52,428 INFO o.a.j.t.JMeterThread: Thread started: 秒杀用户 1-148
2026-09-07 23:07:52,442 INFO o.a.j.t.JMeterThread: Thread is done: 秒杀用户 1-116
2026-09-07 23:07:52,443 INFO o.a.j.t.JMeterThread: Thread finished: 秒杀用户 1-116
2026-09-07 23:07:52,449 INFO o.a.j.t.JMeterThread: Thread started: 秒杀用户 1-149
2026-09-07 23:07:52,453 INFO o.a.j.t.JMeterThread: Thread is done: 秒杀用户 1-122
2026-09-07 23:07:52,453 INFO o.a.j.t.JMeterThread: Thread finished: 秒杀用户 1-122
2026-09-07 23:07:52,455 INFO o.a.j.t.JMeterThread: Thread is done: 秒杀用户 1-111
2026-09-07 23:07:52,455 INFO o.a.j.t.JMeterThread: Thread finished: 秒杀用户 1-111
2026-09-07 23:07:52,460 INFO o.a.j.t.JMeterThread: Thread is done: 秒杀用户 1-112
2026-09-07 23:07:52,460 INFO o.a.j.t.JMeterThread: Thread is done: 秒杀用户 1-117
2026-09-07 23:07:52,460 INFO o.a.j.t.JMeterThread: Thread finished: 秒杀用户 1-117
2026-09-07 23:07:52,460 INFO o.a.j.t.JMeterThread: Thread finished: 秒杀用户 1-112
2026-09-07 23:07:52,469 INFO o.a.j.t.JMeterThread: Thread started: 秒杀用户 1-150
2026-09-07 23:07:52,480 INFO o.a.j.t.JMeterThread: Thread is done: 秒杀用户 1-123
2026-09-07 23:07:52,480 INFO o.a.j.t.JMeterThread: Thread finished: 秒杀用户 1-123
2026-09-07 23:07:52,480 INFO o.a.j.t.JMeterThread: Thread is done: 秒杀用户 1-118
2026-09-07 23:07:52,480 INFO o.a.j.t.JMeterThread: Thread finished: 秒杀用户 1-118
2026-09-07 23:07:52,480 INFO o.a.j.t.JMeterThread: Thread is done: 秒杀用户 1-113
2026-09-07 23:07:52,480 INFO o.a.j.t.JMeterThread: Thread finished: 秒杀用户 1-113
2026-09-07 23:07:52,488 INFO o.a.j.t.JMeterThread: Thread is done: 秒杀用户 1-124
2026-09-07 23:07:52,488 INFO o.a.j.t.JMeterThread: Thread finished: 秒杀用户 1-124
2026-09-07 23:07:52,489 INFO o.a.j.t.JMeterThread: Thread started: 秒杀用户 1-151
2026-09-07 23:07:52,499 INFO o.a.j.t.JMeterThread: Thread is done: 秒杀用户 1-119
2026-09-07 23:07:52,499 INFO o.a.j.t.JMeterThread: Thread finished: 秒杀用户 1-119
2026-09-07 23:07:52,505 INFO o.a.j.t.JMeterThread: Thread is done: 秒杀用户 1-130
2026-09-07 23:07:52,505 INFO o.a.j.t.JMeterThread: Thread finished: 秒杀用户 1-130
2026-09-07 23:07:52,508 INFO o.a.j.t.JMeterThread: Thread started: 秒杀用户 1-152
2026-09-07 23:07:52,516 INFO o.a.j.t.JMeterThread: Thread is done: 秒杀用户 1-120
2026-09-07 23:07:52,516 INFO o.a.j.t.JMeterThread: Thread is done: 秒杀用户 1-125
2026-09-07 23:07:52,516 INFO o.a.j.t.JMeterThread: Thread finished: 秒杀用户 1-120
2026-09-07 23:07:52,516 INFO o.a.j.t.JMeterThread: Thread finished: 秒杀用户 1-125
2026-09-07 23:07:52,523 INFO o.a.j.t.JMeterThread: Thread is done: 秒杀用户 1-131
2026-09-07 23:07:52,523 INFO o.a.j.t.JMeterThread: Thread finished: 秒杀用户 1-131
2026-09-07 23:07:52,528 INFO o.a.j.t.JMeterThread: Thread is done: 秒杀用户 1-121
2026-09-07 23:07:52,528 INFO o.a.j.t.JMeterThread: Thread finished: 秒杀用户 1-121
2026-09-07 23:07:52,529 INFO o.a.j.t.JMeterThread: Thread started: 秒杀用户 1-153
2026-09-07 23:07:52,536 INFO o.a.j.t.JMeterThread: Thread is done: 秒杀用户 1-126
2026-09-07 23:07:52,536 INFO o.a.j.t.JMeterThread: Thread finished: 秒杀用户 1-126
2026-09-07 23:07:52,546 INFO o.a.j.t.JMeterThread: Thread is done: 秒杀用户 1-132
2026-09-07 23:07:52,546 INFO o.a.j.t.JMeterThread: Thread finished: 秒杀用户 1-132
2026-09-07 23:07:52,550 INFO o.a.j.t.JMeterThread: Thread started: 秒杀用户 1-154
2026-09-07 23:07:52,557 INFO o.a.j.t.JMeterThread: Thread is done: 秒杀用户 1-127
2026-09-07 23:07:52,558 INFO o.a.j.t.JMeterThread: Thread finished: 秒杀用户 1-127
2026-09-07 23:07:52,560 INFO o.a.j.t.JMeterThread: Thread is done: 秒杀用户 1-133
2026-09-07 23:07:52,560 INFO o.a.j.t.JMeterThread: Thread finished: 秒杀用户 1-133
2026-09-07 23:07:52,570 INFO o.a.j.t.JMeterThread: Thread started: 秒杀用户 1-155
2026-09-07 23:07:52,581 INFO o.a.j.t.JMeterThread: Thread is done: 秒杀用户 1-128
2026-09-07 23:07:52,581 INFO o.a.j.t.JMeterThread: Thread finished: 秒杀用户 1-128
2026-09-07 23:07:52,583 INFO o.a.j.t.JMeterThread: Thread is done: 秒杀用户 1-134
2026-09-07 23:07:52,583 INFO o.a.j.t.JMeterThread: Thread finished: 秒杀用户 1-134
2026-09-07 23:07:52,584 INFO o.a.j.t.JMeterThread: Thread is done: 秒杀用户 1-139
2026-09-07 23:07:52,584 INFO o.a.j.t.JMeterThread: Thread finished: 秒杀用户 1-139
2026-09-07 23:07:52,584 INFO o.a.j.t.JMeterThread: Thread is done: 秒杀用户 1-129
2026-09-07 23:07:52,585 INFO o.a.j.t.JMeterThread: Thread finished: 秒杀用户 1-129
2026-09-07 23:07:52,589 INFO o.a.j.t.JMeterThread: Thread started: 秒杀用户 1-156
2026-09-07 23:07:52,593 INFO o.a.j.t.JMeterThread: Thread is done: 秒杀用户 1-140
2026-09-07 23:07:52,594 INFO o.a.j.t.JMeterThread: Thread finished: 秒杀用户 1-140
2026-09-07 23:07:52,603 INFO o.a.j.t.JMeterThread: Thread is done: 秒杀用户 1-135
2026-09-07 23:07:52,604 INFO o.a.j.t.JMeterThread: Thread finished: 秒杀用户 1-135
2026-09-07 23:07:52,609 INFO o.a.j.t.JMeterThread: Thread started: 秒杀用户 1-157
2026-09-07 23:07:52,617 INFO o.a.j.t.JMeterThread: Thread is done: 秒杀用户 1-141
2026-09-07 23:07:52,617 INFO o.a.j.t.JMeterThread: Thread finished: 秒杀用户 1-141
2026-09-07 23:07:52,622 INFO o.a.j.t.JMeterThread: Thread is done: 秒杀用户 1-136
2026-09-07 23:07:52,622 INFO o.a.j.t.JMeterThread: Thread finished: 秒杀用户 1-136
2026-09-07 23:07:52,626 INFO o.a.j.t.JMeterThread: Thread is done: 秒杀用户 1-142
2026-09-07 23:07:52,626 INFO o.a.j.t.JMeterThread: Thread finished: 秒杀用户 1-142
2026-09-07 23:07:52,629 INFO o.a.j.t.JMeterThread: Thread started: 秒杀用户 1-158
2026-09-07 23:07:52,649 INFO o.a.j.t.JMeterThread: Thread started: 秒杀用户 1-159
2026-09-07 23:07:52,653 INFO o.a.j.t.JMeterThread: Thread is done: 秒杀用户 1-137
2026-09-07 23:07:52,653 INFO o.a.j.t.JMeterThread: Thread is done: 秒杀用户 1-148
2026-09-07 23:07:52,653 INFO o.a.j.t.JMeterThread: Thread finished: 秒杀用户 1-137
2026-09-07 23:07:52,653 INFO o.a.j.t.JMeterThread: Thread finished: 秒杀用户 1-148
2026-09-07 23:07:52,660 INFO o.a.j.t.JMeterThread: Thread is done: 秒杀用户 1-143
2026-09-07 23:07:52,660 INFO o.a.j.t.JMeterThread: Thread is done: 秒杀用户 1-138
2026-09-07 23:07:52,660 INFO o.a.j.t.JMeterThread: Thread finished: 秒杀用户 1-143
2026-09-07 23:07:52,660 INFO o.a.j.t.JMeterThread: Thread finished: 秒杀用户 1-138
2026-09-07 23:07:52,665 INFO o.a.j.t.JMeterThread: Thread is done: 秒杀用户 1-149
2026-09-07 23:07:52,665 INFO o.a.j.t.JMeterThread: Thread finished: 秒杀用户 1-149
2026-09-07 23:07:52,669 INFO o.a.j.t.JMeterThread: Thread started: 秒杀用户 1-160
2026-09-07 23:07:52,671 INFO o.a.j.t.JMeterThread: Thread is done: 秒杀用户 1-144
2026-09-07 23:07:52,671 INFO o.a.j.t.JMeterThread: Thread finished: 秒杀用户 1-144
2026-09-07 23:07:52,686 INFO o.a.j.t.JMeterThread: Thread is done: 秒杀用户 1-155
2026-09-07 23:07:52,686 INFO o.a.j.t.JMeterThread: Thread finished: 秒杀用户 1-155
2026-09-07 23:07:52,686 INFO o.a.j.t.JMeterThread: Thread is done: 秒杀用户 1-145
2026-09-07 23:07:52,686 INFO o.a.j.t.JMeterThread: Thread finished: 秒杀用户 1-145
2026-09-07 23:07:52,686 INFO o.a.j.t.JMeterThread: Thread is done: 秒杀用户 1-150
2026-09-07 23:07:52,686 INFO o.a.j.t.JMeterThread: Thread finished: 秒杀用户 1-150
2026-09-07 23:07:52,689 INFO o.a.j.t.JMeterThread: Thread started: 秒杀用户 1-161
2026-09-07 23:07:52,709 INFO o.a.j.t.JMeterThread: Thread started: 秒杀用户 1-162
2026-09-07 23:07:52,710 INFO o.a.j.t.JMeterThread: Thread is done: 秒杀用户 1-156
2026-09-07 23:07:52,710 INFO o.a.j.t.JMeterThread: Thread finished: 秒杀用户 1-156
2026-09-07 23:07:52,716 INFO o.a.j.t.JMeterThread: Thread is done: 秒杀用户 1-151
2026-09-07 23:07:52,716 INFO o.a.j.t.JMeterThread: Thread finished: 秒杀用户 1-151
2026-09-07 23:07:52,723 INFO o.a.j.t.JMeterThread: Thread is done: 秒杀用户 1-146
2026-09-07 23:07:52,723 INFO o.a.j.t.JMeterThread: Thread finished: 秒杀用户 1-146
2026-09-07 23:07:52,724 INFO o.a.j.t.JMeterThread: Thread is done: 秒杀用户 1-157
2026-09-07 23:07:52,724 INFO o.a.j.t.JMeterThread: Thread finished: 秒杀用户 1-157
2026-09-07 23:07:52,728 INFO o.a.j.t.JMeterThread: Thread is done: 秒杀用户 1-152
2026-09-07 23:07:52,728 INFO o.a.j.t.JMeterThread: Thread finished: 秒杀用户 1-152
2026-09-07 23:07:52,728 INFO o.a.j.t.JMeterThread: Thread started: 秒杀用户 1-163
2026-09-07 23:07:52,735 INFO o.a.j.t.JMeterThread: Thread is done: 秒杀用户 1-147
2026-09-07 23:07:52,735 INFO o.a.j.t.JMeterThread: Thread finished: 秒杀用户 1-147
2026-09-07 23:07:52,743 INFO o.a.j.t.JMeterThread: Thread is done: 秒杀用户 1-153
2026-09-07 23:07:52,743 INFO o.a.j.t.JMeterThread: Thread is done: 秒杀用户 1-158
2026-09-07 23:07:52,743 INFO o.a.j.t.JMeterThread: Thread finished: 秒杀用户 1-153
2026-09-07 23:07:52,743 INFO o.a.j.t.JMeterThread: Thread finished: 秒杀用户 1-158
2026-09-07 23:07:52,750 INFO o.a.j.t.JMeterThread: Thread started: 秒杀用户 1-164
2026-09-07 23:07:52,764 INFO o.a.j.t.JMeterThread: Thread is done: 秒杀用户 1-159
2026-09-07 23:07:52,764 INFO o.a.j.t.JMeterThread: Thread finished: 秒杀用户 1-159
2026-09-07 23:07:52,767 INFO o.a.j.t.JMeterThread: Thread is done: 秒杀用户 1-154
2026-09-07 23:07:52,767 INFO o.a.j.t.JMeterThread: Thread finished: 秒杀用户 1-154
2026-09-07 23:07:52,770 INFO o.a.j.t.JMeterThread: Thread started: 秒杀用户 1-165
2026-09-07 23:07:52,784 INFO o.a.j.t.JMeterThread: Thread is done: 秒杀用户 1-160
2026-09-07 23:07:52,784 INFO o.a.j.t.JMeterThread: Thread finished: 秒杀用户 1-160
2026-09-07 23:07:52,788 INFO o.a.j.t.JMeterThread: Thread started: 秒杀用户 1-166
2026-09-07 23:07:52,797 INFO o.a.j.t.JMeterThread: Thread is done: 秒杀用户 1-161
2026-09-07 23:07:52,797 INFO o.a.j.t.JMeterThread: Thread finished: 秒杀用户 1-161
2026-09-07 23:07:52,809 INFO o.a.j.t.JMeterThread: Thread started: 秒杀用户 1-167
2026-09-07 23:07:52,827 INFO o.a.j.t.JMeterThread: Thread is done: 秒杀用户 1-162
2026-09-07 23:07:52,827 INFO o.a.j.t.JMeterThread: Thread finished: 秒杀用户 1-162
2026-09-07 23:07:52,830 INFO o.a.j.t.JMeterThread: Thread started: 秒杀用户 1-168
2026-09-07 23:07:52,840 INFO o.a.j.t.JMeterThread: Thread is done: 秒杀用户 1-163
2026-09-07 23:07:52,840 INFO o.a.j.t.JMeterThread: Thread finished: 秒杀用户 1-163
2026-09-07 23:07:52,850 INFO o.a.j.t.JMeterThread: Thread started: 秒杀用户 1-169
2026-09-07 23:07:52,859 INFO o.a.j.t.JMeterThread: Thread is done: 秒杀用户 1-164
2026-09-07 23:07:52,859 INFO o.a.j.t.JMeterThread: Thread finished: 秒杀用户 1-164
2026-09-07 23:07:52,868 INFO o.a.j.t.JMeterThread: Thread started: 秒杀用户 1-170
2026-09-07 23:07:52,882 INFO o.a.j.t.JMeterThread: Thread is done: 秒杀用户 1-165
2026-09-07 23:07:52,882 INFO o.a.j.t.JMeterThread: Thread finished: 秒杀用户 1-165
2026-09-07 23:07:52,890 INFO o.a.j.t.JMeterThread: Thread started: 秒杀用户 1-171
2026-09-07 23:07:52,897 INFO o.a.j.t.JMeterThread: Thread is done: 秒杀用户 1-166
2026-09-07 23:07:52,897 INFO o.a.j.t.JMeterThread: Thread finished: 秒杀用户 1-166
2026-09-07 23:07:52,910 INFO o.a.j.t.JMeterThread: Thread started: 秒杀用户 1-172
2026-09-07 23:07:52,921 INFO o.a.j.t.JMeterThread: Thread is done: 秒杀用户 1-167
2026-09-07 23:07:52,921 INFO o.a.j.t.JMeterThread: Thread finished: 秒杀用户 1-167
2026-09-07 23:07:52,930 INFO o.a.j.t.JMeterThread: Thread started: 秒杀用户 1-173
2026-09-07 23:07:52,940 INFO o.a.j.t.JMeterThread: Thread is done: 秒杀用户 1-168
2026-09-07 23:07:52,940 INFO o.a.j.t.JMeterThread: Thread finished: 秒杀用户 1-168
2026-09-07 23:07:52,949 INFO o.a.j.t.JMeterThread: Thread started: 秒杀用户 1-174
2026-09-07 23:07:52,959 INFO o.a.j.t.JMeterThread: Thread is done: 秒杀用户 1-169
2026-09-07 23:07:52,959 INFO o.a.j.t.JMeterThread: Thread finished: 秒杀用户 1-169
2026-09-07 23:07:52,968 INFO o.a.j.t.JMeterThread: Thread started: 秒杀用户 1-175
2026-09-07 23:07:52,979 INFO o.a.j.t.JMeterThread: Thread is done: 秒杀用户 1-170
2026-09-07 23:07:52,979 INFO o.a.j.t.JMeterThread: Thread finished: 秒杀用户 1-170
2026-09-07 23:07:52,990 INFO o.a.j.t.JMeterThread: Thread started: 秒杀用户 1-176
2026-09-07 23:07:53,001 INFO o.a.j.t.JMeterThread: Thread is done: 秒杀用户 1-171
2026-09-07 23:07:53,001 INFO o.a.j.t.JMeterThread: Thread finished: 秒杀用户 1-171
2026-09-07 23:07:53,011 INFO o.a.j.t.JMeterThread: Thread started: 秒杀用户 1-177
2026-09-07 23:07:53,020 INFO o.a.j.t.JMeterThread: Thread is done: 秒杀用户 1-172
2026-09-07 23:07:53,020 INFO o.a.j.t.JMeterThread: Thread finished: 秒杀用户 1-172
2026-09-07 23:07:53,029 INFO o.a.j.t.JMeterThread: Thread started: 秒杀用户 1-178
2026-09-07 23:07:53,042 INFO o.a.j.t.JMeterThread: Thread is done: 秒杀用户 1-173
2026-09-07 23:07:53,042 INFO o.a.j.t.JMeterThread: Thread finished: 秒杀用户 1-173
2026-09-07 23:07:53,050 INFO o.a.j.t.JMeterThread: Thread started: 秒杀用户 1-179
2026-09-07 23:07:53,058 INFO o.a.j.t.JMeterThread: Thread is done: 秒杀用户 1-174
2026-09-07 23:07:53,058 INFO o.a.j.t.JMeterThread: Thread finished: 秒杀用户 1-174
2026-09-07 23:07:53,068 INFO o.a.j.t.JMeterThread: Thread started: 秒杀用户 1-180
2026-09-07 23:07:53,077 INFO o.a.j.t.JMeterThread: Thread is done: 秒杀用户 1-175
2026-09-07 23:07:53,077 INFO o.a.j.t.JMeterThread: Thread finished: 秒杀用户 1-175
2026-09-07 23:07:53,089 INFO o.a.j.t.JMeterThread: Thread started: 秒杀用户 1-181
2026-09-07 23:07:53,100 INFO o.a.j.t.JMeterThread: Thread is done: 秒杀用户 1-176
2026-09-07 23:07:53,101 INFO o.a.j.t.JMeterThread: Thread finished: 秒杀用户 1-176
2026-09-07 23:07:53,110 INFO o.a.j.t.JMeterThread: Thread started: 秒杀用户 1-182
2026-09-07 23:07:53,120 INFO o.a.j.t.JMeterThread: Thread is done: 秒杀用户 1-177
2026-09-07 23:07:53,121 INFO o.a.j.t.JMeterThread: Thread finished: 秒杀用户 1-177
2026-09-07 23:07:53,130 INFO o.a.j.t.JMeterThread: Thread started: 秒杀用户 1-183
2026-09-07 23:07:53,139 INFO o.a.j.t.JMeterThread: Thread is done: 秒杀用户 1-178
2026-09-07 23:07:53,139 INFO o.a.j.t.JMeterThread: Thread finished: 秒杀用户 1-178
2026-09-07 23:07:53,148 INFO o.a.j.t.JMeterThread: Thread started: 秒杀用户 1-184
2026-09-07 23:07:53,159 INFO o.a.j.t.JMeterThread: Thread is done: 秒杀用户 1-179
2026-09-07 23:07:53,159 INFO o.a.j.t.JMeterThread: Thread finished: 秒杀用户 1-179
2026-09-07 23:07:53,169 INFO o.a.j.t.JMeterThread: Thread started: 秒杀用户 1-185
2026-09-07 23:07:53,178 INFO o.a.j.t.JMeterThread: Thread is done: 秒杀用户 1-180
2026-09-07 23:07:53,178 INFO o.a.j.t.JMeterThread: Thread finished: 秒杀用户 1-180
2026-09-07 23:07:53,189 INFO o.a.j.t.JMeterThread: Thread started: 秒杀用户 1-186
2026-09-07 23:07:53,199 INFO o.a.j.t.JMeterThread: Thread is done: 秒杀用户 1-181
2026-09-07 23:07:53,199 INFO o.a.j.t.JMeterThread: Thread finished: 秒杀用户 1-181
2026-09-07 23:07:53,209 INFO o.a.j.t.JMeterThread: Thread started: 秒杀用户 1-187
2026-09-07 23:07:53,220 INFO o.a.j.t.JMeterThread: Thread is done: 秒杀用户 1-182
2026-09-07 23:07:53,220 INFO o.a.j.t.JMeterThread: Thread finished: 秒杀用户 1-182
2026-09-07 23:07:53,229 INFO o.a.j.t.JMeterThread: Thread started: 秒杀用户 1-188
2026-09-07 23:07:53,240 INFO o.a.j.t.JMeterThread: Thread is done: 秒杀用户 1-183
2026-09-07 23:07:53,240 INFO o.a.j.t.JMeterThread: Thread finished: 秒杀用户 1-183
2026-09-07 23:07:53,249 INFO o.a.j.t.JMeterThread: Thread started: 秒杀用户 1-189
2026-09-07 23:07:53,256 INFO o.a.j.t.JMeterThread: Thread is done: 秒杀用户 1-184
2026-09-07 23:07:53,256 INFO o.a.j.t.JMeterThread: Thread finished: 秒杀用户 1-184
2026-09-07 23:07:53,269 INFO o.a.j.t.JMeterThread: Thread started: 秒杀用户 1-190
2026-09-07 23:07:53,279 INFO o.a.j.t.JMeterThread: Thread is done: 秒杀用户 1-185
2026-09-07 23:07:53,279 INFO o.a.j.t.JMeterThread: Thread finished: 秒杀用户 1-185
2026-09-07 23:07:53,289 INFO o.a.j.t.JMeterThread: Thread started: 秒杀用户 1-191
2026-09-07 23:07:53,301 INFO o.a.j.t.JMeterThread: Thread is done: 秒杀用户 1-186
2026-09-07 23:07:53,301 INFO o.a.j.t.JMeterThread: Thread finished: 秒杀用户 1-186
2026-09-07 23:07:53,310 INFO o.a.j.t.JMeterThread: Thread started: 秒杀用户 1-192
2026-09-07 23:07:53,320 INFO o.a.j.t.JMeterThread: Thread is done: 秒杀用户 1-187
2026-09-07 23:07:53,320 INFO o.a.j.t.JMeterThread: Thread finished: 秒杀用户 1-187
2026-09-07 23:07:53,330 INFO o.a.j.t.JMeterThread: Thread started: 秒杀用户 1-193
2026-09-07 23:07:53,339 INFO o.a.j.t.JMeterThread: Thread is done: 秒杀用户 1-188
2026-09-07 23:07:53,340 INFO o.a.j.t.JMeterThread: Thread finished: 秒杀用户 1-188
2026-09-07 23:07:53,348 INFO o.a.j.t.JMeterThread: Thread started: 秒杀用户 1-194
2026-09-07 23:07:53,358 INFO o.a.j.t.JMeterThread: Thread is done: 秒杀用户 1-189
2026-09-07 23:07:53,358 INFO o.a.j.t.JMeterThread: Thread finished: 秒杀用户 1-189
2026-09-07 23:07:53,369 INFO o.a.j.t.JMeterThread: Thread started: 秒杀用户 1-195
2026-09-07 23:07:53,379 INFO o.a.j.t.JMeterThread: Thread is done: 秒杀用户 1-190
2026-09-07 23:07:53,379 INFO o.a.j.t.JMeterThread: Thread finished: 秒杀用户 1-190
2026-09-07 23:07:53,390 INFO o.a.j.t.JMeterThread: Thread started: 秒杀用户 1-196
2026-09-07 23:07:53,398 INFO o.a.j.t.JMeterThread: Thread is done: 秒杀用户 1-191
2026-09-07 23:07:53,398 INFO o.a.j.t.JMeterThread: Thread finished: 秒杀用户 1-191
2026-09-07 23:07:53,409 INFO o.a.j.t.JMeterThread: Thread started: 秒杀用户 1-197
2026-09-07 23:07:53,423 INFO o.a.j.t.JMeterThread: Thread is done: 秒杀用户 1-192
2026-09-07 23:07:53,423 INFO o.a.j.t.JMeterThread: Thread finished: 秒杀用户 1-192
2026-09-07 23:07:53,429 INFO o.a.j.t.JMeterThread: Thread started: 秒杀用户 1-198
2026-09-07 23:07:53,440 INFO o.a.j.t.JMeterThread: Thread is done: 秒杀用户 1-193
2026-09-07 23:07:53,440 INFO o.a.j.t.JMeterThread: Thread finished: 秒杀用户 1-193
2026-09-07 23:07:53,449 INFO o.a.j.t.JMeterThread: Thread started: 秒杀用户 1-199
2026-09-07 23:07:53,458 INFO o.a.j.t.JMeterThread: Thread is done: 秒杀用户 1-194
2026-09-07 23:07:53,458 INFO o.a.j.t.JMeterThread: Thread finished: 秒杀用户 1-194
2026-09-07 23:07:53,469 INFO o.a.j.t.JMeterThread: Thread started: 秒杀用户 1-200
2026-09-07 23:07:53,479 INFO o.a.j.t.JMeterThread: Thread is done: 秒杀用户 1-195
2026-09-07 23:07:53,479 INFO o.a.j.t.JMeterThread: Thread finished: 秒杀用户 1-195
2026-09-07 23:07:53,489 INFO o.a.j.t.JMeterThread: Thread started: 秒杀用户 1-201
2026-09-07 23:07:53,499 INFO o.a.j.t.JMeterThread: Thread is done: 秒杀用户 1-196
2026-09-07 23:07:53,499 INFO o.a.j.t.JMeterThread: Thread finished: 秒杀用户 1-196
2026-09-07 23:07:53,509 INFO o.a.j.t.JMeterThread: Thread started: 秒杀用户 1-202
2026-09-07 23:07:53,519 INFO o.a.j.t.JMeterThread: Thread is done: 秒杀用户 1-197
2026-09-07 23:07:53,519 INFO o.a.j.t.JMeterThread: Thread finished: 秒杀用户 1-197
2026-09-07 23:07:53,529 INFO o.a.j.t.JMeterThread: Thread started: 秒杀用户 1-203
2026-09-07 23:07:53,540 INFO o.a.j.t.JMeterThread: Thread is done: 秒杀用户 1-198
2026-09-07 23:07:53,540 INFO o.a.j.t.JMeterThread: Thread finished: 秒杀用户 1-198
2026-09-07 23:07:53,549 INFO o.a.j.t.JMeterThread: Thread started: 秒杀用户 1-204
2026-09-07 23:07:53,560 INFO o.a.j.t.JMeterThread: Thread is done: 秒杀用户 1-199
2026-09-07 23:07:53,560 INFO o.a.j.t.JMeterThread: Thread finished: 秒杀用户 1-199
2026-09-07 23:07:53,570 INFO o.a.j.t.JMeterThread: Thread started: 秒杀用户 1-205
2026-09-07 23:07:53,579 INFO o.a.j.t.JMeterThread: Thread is done: 秒杀用户 1-200
2026-09-07 23:07:53,579 INFO o.a.j.t.JMeterThread: Thread finished: 秒杀用户 1-200
2026-09-07 23:07:53,590 INFO o.a.j.t.JMeterThread: Thread started: 秒杀用户 1-206
2026-09-07 23:07:53,601 INFO o.a.j.t.JMeterThread: Thread is done: 秒杀用户 1-201
2026-09-07 23:07:53,601 INFO o.a.j.t.JMeterThread: Thread finished: 秒杀用户 1-201
2026-09-07 23:07:53,610 INFO o.a.j.t.JMeterThread: Thread started: 秒杀用户 1-207
2026-09-07 23:07:53,618 INFO o.a.j.t.JMeterThread: Thread is done: 秒杀用户 1-202
2026-09-07 23:07:53,618 INFO o.a.j.t.JMeterThread: Thread finished: 秒杀用户 1-202
2026-09-07 23:07:53,630 INFO o.a.j.t.JMeterThread: Thread started: 秒杀用户 1-208
2026-09-07 23:07:53,638 INFO o.a.j.t.JMeterThread: Thread is done: 秒杀用户 1-203
2026-09-07 23:07:53,638 INFO o.a.j.t.JMeterThread: Thread finished: 秒杀用户 1-203
2026-09-07 23:07:53,649 INFO o.a.j.t.JMeterThread: Thread started: 秒杀用户 1-209
2026-09-07 23:07:53,658 INFO o.a.j.t.JMeterThread: Thread is done: 秒杀用户 1-204
2026-09-07 23:07:53,658 INFO o.a.j.t.JMeterThread: Thread finished: 秒杀用户 1-204
2026-09-07 23:07:53,668 INFO o.a.j.t.JMeterThread: Thread started: 秒杀用户 1-210
2026-09-07 23:07:53,681 INFO o.a.j.t.JMeterThread: Thread is done: 秒杀用户 1-205
2026-09-07 23:07:53,681 INFO o.a.j.t.JMeterThread: Thread finished: 秒杀用户 1-205
2026-09-07 23:07:53,691 INFO o.a.j.t.JMeterThread: Thread started: 秒杀用户 1-211
2026-09-07 23:07:53,699 INFO o.a.j.t.JMeterThread: Thread is done: 秒杀用户 1-206
2026-09-07 23:07:53,699 INFO o.a.j.t.JMeterThread: Thread finished: 秒杀用户 1-206
2026-09-07 23:07:53,711 INFO o.a.j.t.JMeterThread: Thread started: 秒杀用户 1-212
2026-09-07 23:07:53,721 INFO o.a.j.t.JMeterThread: Thread is done: 秒杀用户 1-207
2026-09-07 23:07:53,721 INFO o.a.j.t.JMeterThread: Thread finished: 秒杀用户 1-207
2026-09-07 23:07:53,729 INFO o.a.j.t.JMeterThread: Thread started: 秒杀用户 1-213
2026-09-07 23:07:53,740 INFO o.a.j.t.JMeterThread: Thread is done: 秒杀用户 1-208
2026-09-07 23:07:53,740 INFO o.a.j.t.JMeterThread: Thread finished: 秒杀用户 1-208
2026-09-07 23:07:53,749 INFO o.a.j.t.JMeterThread: Thread started: 秒杀用户 1-214
2026-09-07 23:07:53,759 INFO o.a.j.t.JMeterThread: Thread is done: 秒杀用户 1-209
2026-09-07 23:07:53,759 INFO o.a.j.t.JMeterThread: Thread finished: 秒杀用户 1-209
2026-09-07 23:07:53,769 INFO o.a.j.t.JMeterThread: Thread started: 秒杀用户 1-215
2026-09-07 23:07:53,778 INFO o.a.j.t.JMeterThread: Thread is done: 秒杀用户 1-210
2026-09-07 23:07:53,778 INFO o.a.j.t.JMeterThread: Thread finished: 秒杀用户 1-210
2026-09-07 23:07:53,789 INFO o.a.j.t.JMeterThread: Thread started: 秒杀用户 1-216
2026-09-07 23:07:53,801 INFO o.a.j.t.JMeterThread: Thread is done: 秒杀用户 1-211
2026-09-07 23:07:53,801 INFO o.a.j.t.JMeterThread: Thread finished: 秒杀用户 1-211
2026-09-07 23:07:53,809 INFO o.a.j.t.JMeterThread: Thread started: 秒杀用户 1-217
2026-09-07 23:07:53,822 INFO o.a.j.t.JMeterThread: Thread is done: 秒杀用户 1-212
2026-09-07 23:07:53,822 INFO o.a.j.t.JMeterThread: Thread finished: 秒杀用户 1-212
2026-09-07 23:07:53,828 INFO o.a.j.t.JMeterThread: Thread started: 秒杀用户 1-218
2026-09-07 23:07:53,840 INFO o.a.j.t.JMeterThread: Thread is done: 秒杀用户 1-213
2026-09-07 23:07:53,840 INFO o.a.j.t.JMeterThread: Thread finished: 秒杀用户 1-213
2026-09-07 23:07:53,850 INFO o.a.j.t.JMeterThread: Thread started: 秒杀用户 1-219
2026-09-07 23:07:53,859 INFO o.a.j.t.JMeterThread: Thread is done: 秒杀用户 1-214
2026-09-07 23:07:53,859 INFO o.a.j.t.JMeterThread: Thread finished: 秒杀用户 1-214
2026-09-07 23:07:53,869 INFO o.a.j.t.JMeterThread: Thread started: 秒杀用户 1-220
2026-09-07 23:07:53,877 INFO o.a.j.t.JMeterThread: Thread is done: 秒杀用户 1-215
2026-09-07 23:07:53,877 INFO o.a.j.t.JMeterThread: Thread finished: 秒杀用户 1-215
2026-09-07 23:07:53,888 INFO o.a.j.t.JMeterThread: Thread started: 秒杀用户 1-221
2026-09-07 23:07:53,900 INFO o.a.j.t.JMeterThread: Thread is done: 秒杀用户 1-216
2026-09-07 23:07:53,900 INFO o.a.j.t.JMeterThread: Thread finished: 秒杀用户 1-216
2026-09-07 23:07:53,908 INFO o.a.j.t.JMeterThread: Thread started: 秒杀用户 1-222
2026-09-07 23:07:53,920 INFO o.a.j.t.JMeterThread: Thread is done: 秒杀用户 1-217
2026-09-07 23:07:53,920 INFO o.a.j.t.JMeterThread: Thread finished: 秒杀用户 1-217
2026-09-07 23:07:53,930 INFO o.a.j.t.JMeterThread: Thread started: 秒杀用户 1-223
2026-09-07 23:07:53,941 INFO o.a.j.t.JMeterThread: Thread is done: 秒杀用户 1-218
2026-09-07 23:07:53,941 INFO o.a.j.t.JMeterThread: Thread finished: 秒杀用户 1-218
2026-09-07 23:07:53,949 INFO o.a.j.t.JMeterThread: Thread started: 秒杀用户 1-224
2026-09-07 23:07:53,962 INFO o.a.j.t.JMeterThread: Thread is done: 秒杀用户 1-219
2026-09-07 23:07:53,962 INFO o.a.j.t.JMeterThread: Thread finished: 秒杀用户 1-219
2026-09-07 23:07:53,970 INFO o.a.j.t.JMeterThread: Thread started: 秒杀用户 1-225
2026-09-07 23:07:53,979 INFO o.a.j.t.JMeterThread: Thread is done: 秒杀用户 1-220
2026-09-07 23:07:53,979 INFO o.a.j.t.JMeterThread: Thread finished: 秒杀用户 1-220
2026-09-07 23:07:53,990 INFO o.a.j.t.JMeterThread: Thread started: 秒杀用户 1-226
2026-09-07 23:07:53,997 INFO o.a.j.t.JMeterThread: Thread is done: 秒杀用户 1-221
2026-09-07 23:07:53,997 INFO o.a.j.t.JMeterThread: Thread finished: 秒杀用户 1-221
2026-09-07 23:07:54,010 INFO o.a.j.t.JMeterThread: Thread started: 秒杀用户 1-227
2026-09-07 23:07:54,018 INFO o.a.j.t.JMeterThread: Thread is done: 秒杀用户 1-222
2026-09-07 23:07:54,018 INFO o.a.j.t.JMeterThread: Thread finished: 秒杀用户 1-222
2026-09-07 23:07:54,029 INFO o.a.j.t.JMeterThread: Thread started: 秒杀用户 1-228
2026-09-07 23:07:54,040 INFO o.a.j.t.JMeterThread: Thread is done: 秒杀用户 1-223
2026-09-07 23:07:54,040 INFO o.a.j.t.JMeterThread: Thread finished: 秒杀用户 1-223
2026-09-07 23:07:54,049 INFO o.a.j.t.JMeterThread: Thread started: 秒杀用户 1-229
2026-09-07 23:07:54,060 INFO o.a.j.t.JMeterThread: Thread is done: 秒杀用户 1-224
2026-09-07 23:07:54,060 INFO o.a.j.t.JMeterThread: Thread finished: 秒杀用户 1-224
2026-09-07 23:07:54,069 INFO o.a.j.t.JMeterThread: Thread started: 秒杀用户 1-230
2026-09-07 23:07:54,082 INFO o.a.j.t.JMeterThread: Thread is done: 秒杀用户 1-225
2026-09-07 23:07:54,082 INFO o.a.j.t.JMeterThread: Thread finished: 秒杀用户 1-225
2026-09-07 23:07:54,089 INFO o.a.j.t.JMeterThread: Thread started: 秒杀用户 1-231
2026-09-07 23:07:54,101 INFO o.a.j.t.JMeterThread: Thread is done: 秒杀用户 1-226
2026-09-07 23:07:54,101 INFO o.a.j.t.JMeterThread: Thread finished: 秒杀用户 1-226
2026-09-07 23:07:54,110 INFO o.a.j.t.JMeterThread: Thread started: 秒杀用户 1-232
2026-09-07 23:07:54,120 INFO o.a.j.t.JMeterThread: Thread is done: 秒杀用户 1-227
2026-09-07 23:07:54,120 INFO o.a.j.t.JMeterThread: Thread finished: 秒杀用户 1-227
2026-09-07 23:07:54,128 INFO o.a.j.t.JMeterThread: Thread started: 秒杀用户 1-233
2026-09-07 23:07:54,139 INFO o.a.j.t.JMeterThread: Thread is done: 秒杀用户 1-228
2026-09-07 23:07:54,139 INFO o.a.j.t.JMeterThread: Thread finished: 秒杀用户 1-228
2026-09-07 23:07:54,149 INFO o.a.j.t.JMeterThread: Thread started: 秒杀用户 1-234
2026-09-07 23:07:54,159 INFO o.a.j.t.JMeterThread: Thread is done: 秒杀用户 1-229
2026-09-07 23:07:54,159 INFO o.a.j.t.JMeterThread: Thread finished: 秒杀用户 1-229
2026-09-07 23:07:54,169 INFO o.a.j.t.JMeterThread: Thread started: 秒杀用户 1-235
2026-09-07 23:07:54,179 INFO o.a.j.t.JMeterThread: Thread is done: 秒杀用户 1-230
2026-09-07 23:07:54,179 INFO o.a.j.t.JMeterThread: Thread finished: 秒杀用户 1-230
2026-09-07 23:07:54,190 INFO o.a.j.t.JMeterThread: Thread started: 秒杀用户 1-236
2026-09-07 23:07:54,198 INFO o.a.j.t.JMeterThread: Thread is done: 秒杀用户 1-231
2026-09-07 23:07:54,198 INFO o.a.j.t.JMeterThread: Thread finished: 秒杀用户 1-231
2026-09-07 23:07:54,210 INFO o.a.j.t.JMeterThread: Thread started: 秒杀用户 1-237
2026-09-07 23:07:54,220 INFO o.a.j.t.JMeterThread: Thread is done: 秒杀用户 1-232
2026-09-07 23:07:54,220 INFO o.a.j.t.JMeterThread: Thread finished: 秒杀用户 1-232
2026-09-07 23:07:54,240 INFO o.a.j.t.JMeterThread: Thread is done: 秒杀用户 1-233
2026-09-07 23:07:54,240 INFO o.a.j.t.JMeterThread: Thread finished: 秒杀用户 1-233
2026-09-07 23:07:54,244 INFO o.a.j.t.JMeterThread: Thread started: 秒杀用户 1-238
2026-09-07 23:07:54,260 INFO o.a.j.t.JMeterThread: Thread is done: 秒杀用户 1-234
2026-09-07 23:07:54,260 INFO o.a.j.t.JMeterThread: Thread finished: 秒杀用户 1-234
2026-09-07 23:07:54,264 INFO o.a.j.t.JMeterThread: Thread started: 秒杀用户 1-239
2026-09-07 23:07:54,279 INFO o.a.j.t.JMeterThread: Thread is done: 秒杀用户 1-235
2026-09-07 23:07:54,279 INFO o.a.j.t.JMeterThread: Thread finished: 秒杀用户 1-235
2026-09-07 23:07:54,283 INFO o.a.j.t.JMeterThread: Thread started: 秒杀用户 1-240
2026-09-07 23:07:54,289 INFO o.a.j.t.JMeterThread: Thread started: 秒杀用户 1-241
2026-09-07 23:07:54,299 INFO o.a.j.t.JMeterThread: Thread is done: 秒杀用户 1-236
2026-09-07 23:07:54,299 INFO o.a.j.t.JMeterThread: Thread finished: 秒杀用户 1-236
2026-09-07 23:07:54,308 INFO o.a.j.t.JMeterThread: Thread started: 秒杀用户 1-242
2026-09-07 23:07:54,319 INFO o.a.j.t.JMeterThread: Thread is done: 秒杀用户 1-237
2026-09-07 23:07:54,319 INFO o.a.j.t.JMeterThread: Thread finished: 秒杀用户 1-237
2026-09-07 23:07:54,329 INFO o.a.j.t.JMeterThread: Thread started: 秒杀用户 1-243
2026-09-07 23:07:54,350 INFO o.a.j.t.JMeterThread: Thread started: 秒杀用户 1-244
2026-09-07 23:07:54,355 INFO o.a.j.t.JMeterThread: Thread is done: 秒杀用户 1-238
2026-09-07 23:07:54,355 INFO o.a.j.t.JMeterThread: Thread finished: 秒杀用户 1-238
2026-09-07 23:07:54,369 INFO o.a.j.t.JMeterThread: Thread started: 秒杀用户 1-245
2026-09-07 23:07:54,374 INFO o.a.j.t.JMeterThread: Thread is done: 秒杀用户 1-239
2026-09-07 23:07:54,374 INFO o.a.j.t.JMeterThread: Thread finished: 秒杀用户 1-239
2026-09-07 23:07:54,390 INFO o.a.j.t.JMeterThread: Thread started: 秒杀用户 1-246
2026-09-07 23:07:54,395 INFO o.a.j.t.JMeterThread: Thread is done: 秒杀用户 1-240
2026-09-07 23:07:54,395 INFO o.a.j.t.JMeterThread: Thread finished: 秒杀用户 1-240
2026-09-07 23:07:54,400 INFO o.a.j.t.JMeterThread: Thread is done: 秒杀用户 1-241
2026-09-07 23:07:54,400 INFO o.a.j.t.JMeterThread: Thread finished: 秒杀用户 1-241
2026-09-07 23:07:54,408 INFO o.a.j.t.JMeterThread: Thread started: 秒杀用户 1-247
2026-09-07 23:07:54,416 INFO o.a.j.t.JMeterThread: Thread is done: 秒杀用户 1-242
2026-09-07 23:07:54,416 INFO o.a.j.t.JMeterThread: Thread finished: 秒杀用户 1-242
2026-09-07 23:07:54,429 INFO o.a.j.t.JMeterThread: Thread started: 秒杀用户 1-248
2026-09-07 23:07:54,438 INFO o.a.j.t.JMeterThread: Thread is done: 秒杀用户 1-243
2026-09-07 23:07:54,438 INFO o.a.j.t.JMeterThread: Thread finished: 秒杀用户 1-243
2026-09-07 23:07:54,450 INFO o.a.j.t.JMeterThread: Thread started: 秒杀用户 1-249
2026-09-07 23:07:54,459 INFO o.a.j.t.JMeterThread: Thread is done: 秒杀用户 1-244
2026-09-07 23:07:54,459 INFO o.a.j.t.JMeterThread: Thread finished: 秒杀用户 1-244
2026-09-07 23:07:54,470 INFO o.a.j.t.JMeterThread: Thread started: 秒杀用户 1-250
2026-09-07 23:07:54,478 INFO o.a.j.t.JMeterThread: Thread is done: 秒杀用户 1-245
2026-09-07 23:07:54,478 INFO o.a.j.t.JMeterThread: Thread finished: 秒杀用户 1-245
2026-09-07 23:07:54,490 INFO o.a.j.t.JMeterThread: Thread started: 秒杀用户 1-251
2026-09-07 23:07:54,499 INFO o.a.j.t.JMeterThread: Thread is done: 秒杀用户 1-246
2026-09-07 23:07:54,499 INFO o.a.j.t.JMeterThread: Thread finished: 秒杀用户 1-246
2026-09-07 23:07:54,509 INFO o.a.j.t.JMeterThread: Thread started: 秒杀用户 1-252
2026-09-07 23:07:54,516 INFO o.a.j.t.JMeterThread: Thread is done: 秒杀用户 1-247
2026-09-07 23:07:54,516 INFO o.a.j.t.JMeterThread: Thread finished: 秒杀用户 1-247
2026-09-07 23:07:54,529 INFO o.a.j.t.JMeterThread: Thread started: 秒杀用户 1-253
2026-09-07 23:07:54,540 INFO o.a.j.t.JMeterThread: Thread is done: 秒杀用户 1-248
2026-09-07 23:07:54,540 INFO o.a.j.t.JMeterThread: Thread finished: 秒杀用户 1-248
2026-09-07 23:07:54,549 INFO o.a.j.t.JMeterThread: Thread started: 秒杀用户 1-254
2026-09-07 23:07:54,560 INFO o.a.j.t.JMeterThread: Thread is done: 秒杀用户 1-249
2026-09-07 23:07:54,560 INFO o.a.j.t.JMeterThread: Thread finished: 秒杀用户 1-249
2026-09-07 23:07:54,569 INFO o.a.j.t.JMeterThread: Thread started: 秒杀用户 1-255
2026-09-07 23:07:54,580 INFO o.a.j.t.JMeterThread: Thread is done: 秒杀用户 1-250
2026-09-07 23:07:54,580 INFO o.a.j.t.JMeterThread: Thread finished: 秒杀用户 1-250
2026-09-07 23:07:54,590 INFO o.a.j.t.JMeterThread: Thread started: 秒杀用户 1-256
2026-09-07 23:07:54,599 INFO o.a.j.t.JMeterThread: Thread is done: 秒杀用户 1-251
2026-09-07 23:07:54,599 INFO o.a.j.t.JMeterThread: Thread finished: 秒杀用户 1-251
2026-09-07 23:07:54,608 INFO o.a.j.t.JMeterThread: Thread started: 秒杀用户 1-257
2026-09-07 23:07:54,619 INFO o.a.j.t.JMeterThread: Thread is done: 秒杀用户 1-252
2026-09-07 23:07:54,619 INFO o.a.j.t.JMeterThread: Thread finished: 秒杀用户 1-252
2026-09-07 23:07:54,630 INFO o.a.j.t.JMeterThread: Thread started: 秒杀用户 1-258
2026-09-07 23:07:54,641 INFO o.a.j.t.JMeterThread: Thread is done: 秒杀用户 1-253
2026-09-07 23:07:54,641 INFO o.a.j.t.JMeterThread: Thread finished: 秒杀用户 1-253
2026-09-07 23:07:54,649 INFO o.a.j.t.JMeterThread: Thread started: 秒杀用户 1-259
2026-09-07 23:07:54,660 INFO o.a.j.t.JMeterThread: Thread is done: 秒杀用户 1-254
2026-09-07 23:07:54,660 INFO o.a.j.t.JMeterThread: Thread finished: 秒杀用户 1-254
2026-09-07 23:07:54,668 INFO o.a.j.t.JMeterThread: Thread started: 秒杀用户 1-260
2026-09-07 23:07:54,678 INFO o.a.j.t.JMeterThread: Thread is done: 秒杀用户 1-255
2026-09-07 23:07:54,678 INFO o.a.j.t.JMeterThread: Thread finished: 秒杀用户 1-255
2026-09-07 23:07:54,690 INFO o.a.j.t.JMeterThread: Thread started: 秒杀用户 1-261
2026-09-07 23:07:54,700 INFO o.a.j.t.JMeterThread: Thread is done: 秒杀用户 1-256
2026-09-07 23:07:54,700 INFO o.a.j.t.JMeterThread: Thread finished: 秒杀用户 1-256
2026-09-07 23:07:54,708 INFO o.a.j.t.JMeterThread: Thread started: 秒杀用户 1-262
2026-09-07 23:07:54,718 INFO o.a.j.t.JMeterThread: Thread is done: 秒杀用户 1-257
2026-09-07 23:07:54,719 INFO o.a.j.t.JMeterThread: Thread finished: 秒杀用户 1-257
2026-09-07 23:07:54,729 INFO o.a.j.t.JMeterThread: Thread started: 秒杀用户 1-263
2026-09-07 23:07:54,748 INFO o.a.j.t.JMeterThread: Thread is done: 秒杀用户 1-258
2026-09-07 23:07:54,748 INFO o.a.j.t.JMeterThread: Thread finished: 秒杀用户 1-258
2026-09-07 23:07:54,750 INFO o.a.j.t.JMeterThread: Thread started: 秒杀用户 1-264
2026-09-07 23:07:54,758 INFO o.a.j.t.JMeterThread: Thread is done: 秒杀用户 1-259
2026-09-07 23:07:54,759 INFO o.a.j.t.JMeterThread: Thread finished: 秒杀用户 1-259
2026-09-07 23:07:54,769 INFO o.a.j.t.JMeterThread: Thread started: 秒杀用户 1-265
2026-09-07 23:07:54,777 INFO o.a.j.t.JMeterThread: Thread is done: 秒杀用户 1-260
2026-09-07 23:07:54,777 INFO o.a.j.t.JMeterThread: Thread finished: 秒杀用户 1-260
2026-09-07 23:07:54,789 INFO o.a.j.t.JMeterThread: Thread started: 秒杀用户 1-266
2026-09-07 23:07:54,799 INFO o.a.j.t.JMeterThread: Thread is done: 秒杀用户 1-261
2026-09-07 23:07:54,799 INFO o.a.j.t.JMeterThread: Thread finished: 秒杀用户 1-261
2026-09-07 23:07:54,810 INFO o.a.j.t.JMeterThread: Thread started: 秒杀用户 1-267
2026-09-07 23:07:54,818 INFO o.a.j.t.JMeterThread: Thread is done: 秒杀用户 1-262
2026-09-07 23:07:54,818 INFO o.a.j.t.JMeterThread: Thread finished: 秒杀用户 1-262
2026-09-07 23:07:54,830 INFO o.a.j.t.JMeterThread: Thread started: 秒杀用户 1-268
2026-09-07 23:07:54,847 INFO o.a.j.t.JMeterThread: Thread is done: 秒杀用户 1-263
2026-09-07 23:07:54,847 INFO o.a.j.t.JMeterThread: Thread finished: 秒杀用户 1-263
2026-09-07 23:07:54,850 INFO o.a.j.t.JMeterThread: Thread started: 秒杀用户 1-269
2026-09-07 23:07:54,860 INFO o.a.j.t.JMeterThread: Thread is done: 秒杀用户 1-264
2026-09-07 23:07:54,860 INFO o.a.j.t.JMeterThread: Thread finished: 秒杀用户 1-264
2026-09-07 23:07:54,870 INFO o.a.j.t.JMeterThread: Thread started: 秒杀用户 1-270
2026-09-07 23:07:54,877 INFO o.a.j.t.JMeterThread: Thread is done: 秒杀用户 1-265
2026-09-07 23:07:54,877 INFO o.a.j.t.JMeterThread: Thread finished: 秒杀用户 1-265
2026-09-07 23:07:54,890 INFO o.a.j.t.JMeterThread: Thread started: 秒杀用户 1-271
2026-09-07 23:07:54,901 INFO o.a.j.t.JMeterThread: Thread is done: 秒杀用户 1-266
2026-09-07 23:07:54,901 INFO o.a.j.t.JMeterThread: Thread finished: 秒杀用户 1-266
2026-09-07 23:07:54,911 INFO o.a.j.t.JMeterThread: Thread started: 秒杀用户 1-272
2026-09-07 23:07:54,918 INFO o.a.j.t.JMeterThread: Thread is done: 秒杀用户 1-267
2026-09-07 23:07:54,919 INFO o.a.j.t.JMeterThread: Thread finished: 秒杀用户 1-267
2026-09-07 23:07:54,928 INFO o.a.j.t.JMeterThread: Thread started: 秒杀用户 1-273
2026-09-07 23:07:54,941 INFO o.a.j.t.JMeterThread: Thread is done: 秒杀用户 1-268
2026-09-07 23:07:54,941 INFO o.a.j.t.JMeterThread: Thread finished: 秒杀用户 1-268
2026-09-07 23:07:54,949 INFO o.a.j.t.JMeterThread: Thread started: 秒杀用户 1-274
2026-09-07 23:07:54,960 INFO o.a.j.t.JMeterThread: Thread is done: 秒杀用户 1-269
2026-09-07 23:07:54,960 INFO o.a.j.t.JMeterThread: Thread finished: 秒杀用户 1-269
2026-09-07 23:07:54,969 INFO o.a.j.t.JMeterThread: Thread started: 秒杀用户 1-275
2026-09-07 23:07:54,978 INFO o.a.j.t.JMeterThread: Thread is done: 秒杀用户 1-270
2026-09-07 23:07:54,978 INFO o.a.j.t.JMeterThread: Thread finished: 秒杀用户 1-270
2026-09-07 23:07:54,990 INFO o.a.j.t.JMeterThread: Thread started: 秒杀用户 1-276
2026-09-07 23:07:55,000 INFO o.a.j.t.JMeterThread: Thread is done: 秒杀用户 1-271
2026-09-07 23:07:55,000 INFO o.a.j.t.JMeterThread: Thread finished: 秒杀用户 1-271
2026-09-07 23:07:55,010 INFO o.a.j.t.JMeterThread: Thread started: 秒杀用户 1-277
2026-09-07 23:07:55,020 INFO o.a.j.t.JMeterThread: Thread is done: 秒杀用户 1-272
2026-09-07 23:07:55,020 INFO o.a.j.t.JMeterThread: Thread finished: 秒杀用户 1-272
2026-09-07 23:07:55,029 INFO o.a.j.t.JMeterThread: Thread started: 秒杀用户 1-278
2026-09-07 23:07:55,037 INFO o.a.j.t.JMeterThread: Thread is done: 秒杀用户 1-273
2026-09-07 23:07:55,037 INFO o.a.j.t.JMeterThread: Thread finished: 秒杀用户 1-273
2026-09-07 23:07:55,049 INFO o.a.j.t.JMeterThread: Thread started: 秒杀用户 1-279
2026-09-07 23:07:55,058 INFO o.a.j.t.JMeterThread: Thread is done: 秒杀用户 1-274
2026-09-07 23:07:55,058 INFO o.a.j.t.JMeterThread: Thread finished: 秒杀用户 1-274
2026-09-07 23:07:55,069 INFO o.a.j.t.JMeterThread: Thread started: 秒杀用户 1-280
2026-09-07 23:07:55,078 INFO o.a.j.t.JMeterThread: Thread is done: 秒杀用户 1-275
2026-09-07 23:07:55,078 INFO o.a.j.t.JMeterThread: Thread finished: 秒杀用户 1-275
2026-09-07 23:07:55,090 INFO o.a.j.t.JMeterThread: Thread started: 秒杀用户 1-281
2026-09-07 23:07:55,101 INFO o.a.j.t.JMeterThread: Thread is done: 秒杀用户 1-276
2026-09-07 23:07:55,101 INFO o.a.j.t.JMeterThread: Thread finished: 秒杀用户 1-276
2026-09-07 23:07:55,108 INFO o.a.j.t.JMeterThread: Thread started: 秒杀用户 1-282
2026-09-07 23:07:55,121 INFO o.a.j.t.JMeterThread: Thread is done: 秒杀用户 1-277
2026-09-07 23:07:55,121 INFO o.a.j.t.JMeterThread: Thread finished: 秒杀用户 1-277
2026-09-07 23:07:55,129 INFO o.a.j.t.JMeterThread: Thread started: 秒杀用户 1-283
2026-09-07 23:07:55,138 INFO o.a.j.t.JMeterThread: Thread is done: 秒杀用户 1-278
2026-09-07 23:07:55,138 INFO o.a.j.t.JMeterThread: Thread finished: 秒杀用户 1-278
2026-09-07 23:07:55,150 INFO o.a.j.t.JMeterThread: Thread started: 秒杀用户 1-284
2026-09-07 23:07:55,159 INFO o.a.j.t.JMeterThread: Thread is done: 秒杀用户 1-279
2026-09-07 23:07:55,159 INFO o.a.j.t.JMeterThread: Thread finished: 秒杀用户 1-279
2026-09-07 23:07:55,170 INFO o.a.j.t.JMeterThread: Thread started: 秒杀用户 1-285
2026-09-07 23:07:55,178 INFO o.a.j.t.JMeterThread: Thread is done: 秒杀用户 1-280
2026-09-07 23:07:55,178 INFO o.a.j.t.JMeterThread: Thread finished: 秒杀用户 1-280
2026-09-07 23:07:55,189 INFO o.a.j.t.JMeterThread: Thread started: 秒杀用户 1-286
2026-09-07 23:07:55,200 INFO o.a.j.t.JMeterThread: Thread is done: 秒杀用户 1-281
2026-09-07 23:07:55,200 INFO o.a.j.t.JMeterThread: Thread finished: 秒杀用户 1-281
2026-09-07 23:07:55,209 INFO o.a.j.t.JMeterThread: Thread started: 秒杀用户 1-287
2026-09-07 23:07:55,217 INFO o.a.j.t.JMeterThread: Thread is done: 秒杀用户 1-282
2026-09-07 23:07:55,218 INFO o.a.j.t.JMeterThread: Thread finished: 秒杀用户 1-282
2026-09-07 23:07:55,229 INFO o.a.j.t.JMeterThread: Thread started: 秒杀用户 1-288
2026-09-07 23:07:55,238 INFO o.a.j.t.JMeterThread: Thread is done: 秒杀用户 1-283
2026-09-07 23:07:55,239 INFO o.a.j.t.JMeterThread: Thread finished: 秒杀用户 1-283
2026-09-07 23:07:55,249 INFO o.a.j.t.JMeterThread: Thread started: 秒杀用户 1-289
2026-09-07 23:07:55,259 INFO o.a.j.t.JMeterThread: Thread is done: 秒杀用户 1-284
2026-09-07 23:07:55,259 INFO o.a.j.t.JMeterThread: Thread finished: 秒杀用户 1-284
2026-09-07 23:07:55,269 INFO o.a.j.t.JMeterThread: Thread started: 秒杀用户 1-290
2026-09-07 23:07:55,280 INFO o.a.j.t.JMeterThread: Thread is done: 秒杀用户 1-285
2026-09-07 23:07:55,280 INFO o.a.j.t.JMeterThread: Thread finished: 秒杀用户 1-285
2026-09-07 23:07:55,290 INFO o.a.j.t.JMeterThread: Thread started: 秒杀用户 1-291
2026-09-07 23:07:55,299 INFO o.a.j.t.JMeterThread: Thread is done: 秒杀用户 1-286
2026-09-07 23:07:55,299 INFO o.a.j.t.JMeterThread: Thread finished: 秒杀用户 1-286
2026-09-07 23:07:55,310 INFO o.a.j.t.JMeterThread: Thread started: 秒杀用户 1-292
2026-09-07 23:07:55,320 INFO o.a.j.t.JMeterThread: Thread is done: 秒杀用户 1-287
2026-09-07 23:07:55,320 INFO o.a.j.t.JMeterThread: Thread finished: 秒杀用户 1-287
2026-09-07 23:07:55,329 INFO o.a.j.t.JMeterThread: Thread started: 秒杀用户 1-293
2026-09-07 23:07:55,339 INFO o.a.j.t.JMeterThread: Thread is done: 秒杀用户 1-288
2026-09-07 23:07:55,339 INFO o.a.j.t.JMeterThread: Thread finished: 秒杀用户 1-288
2026-09-07 23:07:55,350 INFO o.a.j.t.JMeterThread: Thread started: 秒杀用户 1-294
2026-09-07 23:07:55,358 INFO o.a.j.t.JMeterThread: Thread is done: 秒杀用户 1-289
2026-09-07 23:07:55,359 INFO o.a.j.t.JMeterThread: Thread finished: 秒杀用户 1-289
2026-09-07 23:07:55,370 INFO o.a.j.t.JMeterThread: Thread started: 秒杀用户 1-295
2026-09-07 23:07:55,377 INFO o.a.j.t.JMeterThread: Thread is done: 秒杀用户 1-290
2026-09-07 23:07:55,377 INFO o.a.j.t.JMeterThread: Thread finished: 秒杀用户 1-290
2026-09-07 23:07:55,388 INFO o.a.j.t.JMeterThread: Thread started: 秒杀用户 1-296
2026-09-07 23:07:55,400 INFO o.a.j.t.JMeterThread: Thread is done: 秒杀用户 1-291
2026-09-07 23:07:55,400 INFO o.a.j.t.JMeterThread: Thread finished: 秒杀用户 1-291
2026-09-07 23:07:55,410 INFO o.a.j.t.JMeterThread: Thread started: 秒杀用户 1-297
2026-09-07 23:07:55,421 INFO o.a.j.t.JMeterThread: Thread is done: 秒杀用户 1-292
2026-09-07 23:07:55,421 INFO o.a.j.t.JMeterThread: Thread finished: 秒杀用户 1-292
2026-09-07 23:07:55,431 INFO o.a.j.t.JMeterThread: Thread started: 秒杀用户 1-298
2026-09-07 23:07:55,439 INFO o.a.j.t.JMeterThread: Thread is done: 秒杀用户 1-293
2026-09-07 23:07:55,439 INFO o.a.j.t.JMeterThread: Thread finished: 秒杀用户 1-293
2026-09-07 23:07:55,449 INFO o.a.j.t.JMeterThread: Thread started: 秒杀用户 1-299
2026-09-07 23:07:55,461 INFO o.a.j.t.JMeterThread: Thread is done: 秒杀用户 1-294
2026-09-07 23:07:55,461 INFO o.a.j.t.JMeterThread: Thread finished: 秒杀用户 1-294
2026-09-07 23:07:55,470 INFO o.a.j.t.JMeterThread: Thread started: 秒杀用户 1-300
2026-09-07 23:07:55,479 INFO o.a.j.t.JMeterThread: Thread is done: 秒杀用户 1-295
2026-09-07 23:07:55,479 INFO o.a.j.t.JMeterThread: Thread finished: 秒杀用户 1-295
2026-09-07 23:07:55,489 INFO o.a.j.t.JMeterThread: Thread started: 秒杀用户 1-301
2026-09-07 23:07:55,497 INFO o.a.j.t.JMeterThread: Thread is done: 秒杀用户 1-296
2026-09-07 23:07:55,498 INFO o.a.j.t.JMeterThread: Thread finished: 秒杀用户 1-296
2026-09-07 23:07:55,509 INFO o.a.j.t.JMeterThread: Thread started: 秒杀用户 1-302
2026-09-07 23:07:55,520 INFO o.a.j.t.JMeterThread: Thread is done: 秒杀用户 1-297
2026-09-07 23:07:55,520 INFO o.a.j.t.JMeterThread: Thread finished: 秒杀用户 1-297
2026-09-07 23:07:55,529 INFO o.a.j.t.JMeterThread: Thread started: 秒杀用户 1-303
2026-09-07 23:07:55,541 INFO o.a.j.t.JMeterThread: Thread is done: 秒杀用户 1-298
2026-09-07 23:07:55,541 INFO o.a.j.t.JMeterThread: Thread finished: 秒杀用户 1-298
2026-09-07 23:07:55,549 INFO o.a.j.t.JMeterThread: Thread started: 秒杀用户 1-304
2026-09-07 23:07:55,558 INFO o.a.j.t.JMeterThread: Thread is done: 秒杀用户 1-299
2026-09-07 23:07:55,558 INFO o.a.j.t.JMeterThread: Thread finished: 秒杀用户 1-299
2026-09-07 23:07:55,568 INFO o.a.j.t.JMeterThread: Thread started: 秒杀用户 1-305
2026-09-07 23:07:55,579 INFO o.a.j.t.JMeterThread: Thread is done: 秒杀用户 1-300
2026-09-07 23:07:55,579 INFO o.a.j.t.JMeterThread: Thread finished: 秒杀用户 1-300
2026-09-07 23:07:55,589 INFO o.a.j.t.JMeterThread: Thread started: 秒杀用户 1-306
2026-09-07 23:07:55,599 INFO o.a.j.t.JMeterThread: Thread is done: 秒杀用户 1-301
2026-09-07 23:07:55,599 INFO o.a.j.t.JMeterThread: Thread finished: 秒杀用户 1-301
2026-09-07 23:07:55,609 INFO o.a.j.t.JMeterThread: Thread started: 秒杀用户 1-307
2026-09-07 23:07:55,618 INFO o.a.j.t.JMeterThread: Thread is done: 秒杀用户 1-302
2026-09-07 23:07:55,618 INFO o.a.j.t.JMeterThread: Thread finished: 秒杀用户 1-302
2026-09-07 23:07:55,629 INFO o.a.j.t.JMeterThread: Thread started: 秒杀用户 1-308
2026-09-07 23:07:55,637 INFO o.a.j.t.JMeterThread: Thread is done: 秒杀用户 1-303
2026-09-07 23:07:55,637 INFO o.a.j.t.JMeterThread: Thread finished: 秒杀用户 1-303
2026-09-07 23:07:55,649 INFO o.a.j.t.JMeterThread: Thread started: 秒杀用户 1-309
2026-09-07 23:07:55,660 INFO o.a.j.t.JMeterThread: Thread is done: 秒杀用户 1-304
2026-09-07 23:07:55,660 INFO o.a.j.t.JMeterThread: Thread finished: 秒杀用户 1-304
2026-09-07 23:07:55,670 INFO o.a.j.t.JMeterThread: Thread started: 秒杀用户 1-310
2026-09-07 23:07:55,676 INFO o.a.j.t.JMeterThread: Thread is done: 秒杀用户 1-305
2026-09-07 23:07:55,676 INFO o.a.j.t.JMeterThread: Thread finished: 秒杀用户 1-305
2026-09-07 23:07:55,688 INFO o.a.j.t.JMeterThread: Thread started: 秒杀用户 1-311
2026-09-07 23:07:55,700 INFO o.a.j.t.JMeterThread: Thread is done: 秒杀用户 1-306
2026-09-07 23:07:55,700 INFO o.a.j.t.JMeterThread: Thread finished: 秒杀用户 1-306
2026-09-07 23:07:55,708 INFO o.a.j.t.JMeterThread: Thread started: 秒杀用户 1-312
2026-09-07 23:07:55,719 INFO o.a.j.t.JMeterThread: Thread is done: 秒杀用户 1-307
2026-09-07 23:07:55,719 INFO o.a.j.t.JMeterThread: Thread finished: 秒杀用户 1-307
2026-09-07 23:07:55,729 INFO o.a.j.t.JMeterThread: Thread started: 秒杀用户 1-313
2026-09-07 23:07:55,737 INFO o.a.j.t.JMeterThread: Thread is done: 秒杀用户 1-308
2026-09-07 23:07:55,737 INFO o.a.j.t.JMeterThread: Thread finished: 秒杀用户 1-308
2026-09-07 23:07:55,749 INFO o.a.j.t.JMeterThread: Thread started: 秒杀用户 1-314
2026-09-07 23:07:55,758 INFO o.a.j.t.JMeterThread: Thread is done: 秒杀用户 1-309
2026-09-07 23:07:55,758 INFO o.a.j.t.JMeterThread: Thread finished: 秒杀用户 1-309
2026-09-07 23:07:55,768 INFO o.a.j.t.JMeterThread: Thread started: 秒杀用户 1-315
2026-09-07 23:07:55,779 INFO o.a.j.t.JMeterThread: Thread is done: 秒杀用户 1-310
2026-09-07 23:07:55,779 INFO o.a.j.t.JMeterThread: Thread finished: 秒杀用户 1-310
2026-09-07 23:07:55,790 INFO o.a.j.t.JMeterThread: Thread started: 秒杀用户 1-316
2026-09-07 23:07:55,798 INFO o.a.j.t.JMeterThread: Thread is done: 秒杀用户 1-311
2026-09-07 23:07:55,798 INFO o.a.j.t.JMeterThread: Thread finished: 秒杀用户 1-311
2026-09-07 23:07:55,809 INFO o.a.j.t.JMeterThread: Thread started: 秒杀用户 1-317
2026-09-07 23:07:55,819 INFO o.a.j.t.JMeterThread: Thread is done: 秒杀用户 1-312
2026-09-07 23:07:55,819 INFO o.a.j.t.JMeterThread: Thread finished: 秒杀用户 1-312
2026-09-07 23:07:55,828 INFO o.a.j.t.JMeterThread: Thread started: 秒杀用户 1-318
2026-09-07 23:07:55,840 INFO o.a.j.t.JMeterThread: Thread is done: 秒杀用户 1-313
2026-09-07 23:07:55,840 INFO o.a.j.t.JMeterThread: Thread finished: 秒杀用户 1-313
2026-09-07 23:07:55,850 INFO o.a.j.t.JMeterThread: Thread started: 秒杀用户 1-319
2026-09-07 23:07:55,861 INFO o.a.j.t.JMeterThread: Thread is done: 秒杀用户 1-314
2026-09-07 23:07:55,861 INFO o.a.j.t.JMeterThread: Thread finished: 秒杀用户 1-314
2026-09-07 23:07:55,868 INFO o.a.j.t.JMeterThread: Thread started: 秒杀用户 1-320
2026-09-07 23:07:55,878 INFO o.a.j.t.JMeterThread: Thread is done: 秒杀用户 1-315
2026-09-07 23:07:55,878 INFO o.a.j.t.JMeterThread: Thread finished: 秒杀用户 1-315
2026-09-07 23:07:55,889 INFO o.a.j.t.JMeterThread: Thread started: 秒杀用户 1-321
2026-09-07 23:07:55,901 INFO o.a.j.t.JMeterThread: Thread is done: 秒杀用户 1-316
2026-09-07 23:07:55,901 INFO o.a.j.t.JMeterThread: Thread finished: 秒杀用户 1-316
2026-09-07 23:07:55,910 INFO o.a.j.t.JMeterThread: Thread started: 秒杀用户 1-322
2026-09-07 23:07:55,920 INFO o.a.j.t.JMeterThread: Thread is done: 秒杀用户 1-317
2026-09-07 23:07:55,920 INFO o.a.j.t.JMeterThread: Thread finished: 秒杀用户 1-317
2026-09-07 23:07:55,928 INFO o.a.j.t.JMeterThread: Thread started: 秒杀用户 1-323
2026-09-07 23:07:55,939 INFO o.a.j.t.JMeterThread: Thread is done: 秒杀用户 1-318
2026-09-07 23:07:55,939 INFO o.a.j.t.JMeterThread: Thread finished: 秒杀用户 1-318
2026-09-07 23:07:55,949 INFO o.a.j.t.JMeterThread: Thread started: 秒杀用户 1-324
2026-09-07 23:07:55,960 INFO o.a.j.t.JMeterThread: Thread is done: 秒杀用户 1-319
2026-09-07 23:07:55,960 INFO o.a.j.t.JMeterThread: Thread finished: 秒杀用户 1-319
2026-09-07 23:07:55,969 INFO o.a.j.t.JMeterThread: Thread started: 秒杀用户 1-325
2026-09-07 23:07:55,977 INFO o.a.j.t.JMeterThread: Thread is done: 秒杀用户 1-320
2026-09-07 23:07:55,977 INFO o.a.j.t.JMeterThread: Thread finished: 秒杀用户 1-320
2026-09-07 23:07:55,989 INFO o.a.j.t.JMeterThread: Thread started: 秒杀用户 1-326
2026-09-07 23:07:55,997 INFO o.a.j.t.JMeterThread: Thread is done: 秒杀用户 1-321
2026-09-07 23:07:55,997 INFO o.a.j.t.JMeterThread: Thread finished: 秒杀用户 1-321
2026-09-07 23:07:56,010 INFO o.a.j.t.JMeterThread: Thread started: 秒杀用户 1-327
2026-09-07 23:07:56,022 INFO o.a.j.t.JMeterThread: Thread is done: 秒杀用户 1-322
2026-09-07 23:07:56,022 INFO o.a.j.t.JMeterThread: Thread finished: 秒杀用户 1-322
2026-09-07 23:07:56,030 INFO o.a.j.t.JMeterThread: Thread started: 秒杀用户 1-328
2026-09-07 23:07:56,037 INFO o.a.j.t.JMeterThread: Thread is done: 秒杀用户 1-323
2026-09-07 23:07:56,037 INFO o.a.j.t.JMeterThread: Thread finished: 秒杀用户 1-323
2026-09-07 23:07:56,049 INFO o.a.j.t.JMeterThread: Thread started: 秒杀用户 1-329
2026-09-07 23:07:56,060 INFO o.a.j.t.JMeterThread: Thread is done: 秒杀用户 1-324
2026-09-07 23:07:56,060 INFO o.a.j.t.JMeterThread: Thread finished: 秒杀用户 1-324
2026-09-07 23:07:56,068 INFO o.a.j.t.JMeterThread: Thread started: 秒杀用户 1-330
2026-09-07 23:07:56,079 INFO o.a.j.t.JMeterThread: Thread is done: 秒杀用户 1-325
2026-09-07 23:07:56,079 INFO o.a.j.t.JMeterThread: Thread finished: 秒杀用户 1-325
2026-09-07 23:07:56,089 INFO o.a.j.t.JMeterThread: Thread started: 秒杀用户 1-331
2026-09-07 23:07:56,097 INFO o.a.j.t.JMeterThread: Thread is done: 秒杀用户 1-326
2026-09-07 23:07:56,097 INFO o.a.j.t.JMeterThread: Thread finished: 秒杀用户 1-326
2026-09-07 23:07:56,109 INFO o.a.j.t.JMeterThread: Thread started: 秒杀用户 1-332
2026-09-07 23:07:56,120 INFO o.a.j.t.JMeterThread: Thread is done: 秒杀用户 1-327
2026-09-07 23:07:56,120 INFO o.a.j.t.JMeterThread: Thread finished: 秒杀用户 1-327
2026-09-07 23:07:56,129 INFO o.a.j.t.JMeterThread: Thread started: 秒杀用户 1-333
2026-09-07 23:07:56,139 INFO o.a.j.t.JMeterThread: Thread is done: 秒杀用户 1-328
2026-09-07 23:07:56,139 INFO o.a.j.t.JMeterThread: Thread finished: 秒杀用户 1-328
2026-09-07 23:07:56,150 INFO o.a.j.t.JMeterThread: Thread started: 秒杀用户 1-334
2026-09-07 23:07:56,158 INFO o.a.j.t.JMeterThread: Thread is done: 秒杀用户 1-329
2026-09-07 23:07:56,158 INFO o.a.j.t.JMeterThread: Thread finished: 秒杀用户 1-329
2026-09-07 23:07:56,168 INFO o.a.j.t.JMeterThread: Thread started: 秒杀用户 1-335
2026-09-07 23:07:56,178 INFO o.a.j.t.JMeterThread: Thread is done: 秒杀用户 1-330
2026-09-07 23:07:56,178 INFO o.a.j.t.JMeterThread: Thread finished: 秒杀用户 1-330
2026-09-07 23:07:56,190 INFO o.a.j.t.JMeterThread: Thread started: 秒杀用户 1-336
2026-09-07 23:07:56,199 INFO o.a.j.t.JMeterThread: Thread is done: 秒杀用户 1-331
2026-09-07 23:07:56,199 INFO o.a.j.t.JMeterThread: Thread finished: 秒杀用户 1-331
2026-09-07 23:07:56,210 INFO o.a.j.t.JMeterThread: Thread started: 秒杀用户 1-337
2026-09-07 23:07:56,219 INFO o.a.j.t.JMeterThread: Thread is done: 秒杀用户 1-332
2026-09-07 23:07:56,219 INFO o.a.j.t.JMeterThread: Thread finished: 秒杀用户 1-332
2026-09-07 23:07:56,228 INFO o.a.j.t.JMeterThread: Thread started: 秒杀用户 1-338
2026-09-07 23:07:56,239 INFO o.a.j.t.JMeterThread: Thread is done: 秒杀用户 1-333
2026-09-07 23:07:56,239 INFO o.a.j.t.JMeterThread: Thread finished: 秒杀用户 1-333
2026-09-07 23:07:56,248 INFO o.a.j.t.JMeterThread: Thread started: 秒杀用户 1-339
2026-09-07 23:07:56,260 INFO o.a.j.t.JMeterThread: Thread is done: 秒杀用户 1-334
2026-09-07 23:07:56,260 INFO o.a.j.t.JMeterThread: Thread finished: 秒杀用户 1-334
2026-09-07 23:07:56,270 INFO o.a.j.t.JMeterThread: Thread started: 秒杀用户 1-340
2026-09-07 23:07:56,278 INFO o.a.j.t.JMeterThread: Thread is done: 秒杀用户 1-335
2026-09-07 23:07:56,278 INFO o.a.j.t.JMeterThread: Thread finished: 秒杀用户 1-335
2026-09-07 23:07:56,290 INFO o.a.j.t.JMeterThread: Thread started: 秒杀用户 1-341
2026-09-07 23:07:56,300 INFO o.a.j.t.JMeterThread: Thread is done: 秒杀用户 1-336
2026-09-07 23:07:56,300 INFO o.a.j.t.JMeterThread: Thread finished: 秒杀用户 1-336
2026-09-07 23:07:56,310 INFO o.a.j.t.JMeterThread: Thread started: 秒杀用户 1-342
2026-09-07 23:07:56,321 INFO o.a.j.t.JMeterThread: Thread is done: 秒杀用户 1-337
2026-09-07 23:07:56,321 INFO o.a.j.t.JMeterThread: Thread finished: 秒杀用户 1-337
2026-09-07 23:07:56,329 INFO o.a.j.t.JMeterThread: Thread started: 秒杀用户 1-343
2026-09-07 23:07:56,337 INFO o.a.j.t.JMeterThread: Thread is done: 秒杀用户 1-338
2026-09-07 23:07:56,338 INFO o.a.j.t.JMeterThread: Thread finished: 秒杀用户 1-338
2026-09-07 23:07:56,349 INFO o.a.j.t.JMeterThread: Thread started: 秒杀用户 1-344
2026-09-07 23:07:56,359 INFO o.a.j.t.JMeterThread: Thread is done: 秒杀用户 1-339
2026-09-07 23:07:56,359 INFO o.a.j.t.JMeterThread: Thread finished: 秒杀用户 1-339
2026-09-07 23:07:56,368 INFO o.a.j.t.JMeterThread: Thread started: 秒杀用户 1-345
2026-09-07 23:07:56,380 INFO o.a.j.t.JMeterThread: Thread is done: 秒杀用户 1-340
2026-09-07 23:07:56,380 INFO o.a.j.t.JMeterThread: Thread finished: 秒杀用户 1-340
2026-09-07 23:07:56,389 INFO o.a.j.t.JMeterThread: Thread started: 秒杀用户 1-346
2026-09-07 23:07:56,399 INFO o.a.j.t.JMeterThread: Thread is done: 秒杀用户 1-341
2026-09-07 23:07:56,399 INFO o.a.j.t.JMeterThread: Thread finished: 秒杀用户 1-341
2026-09-07 23:07:56,410 INFO o.a.j.t.JMeterThread: Thread started: 秒杀用户 1-347
2026-09-07 23:07:56,422 INFO o.a.j.t.JMeterThread: Thread is done: 秒杀用户 1-342
2026-09-07 23:07:56,422 INFO o.a.j.t.JMeterThread: Thread finished: 秒杀用户 1-342
2026-09-07 23:07:56,429 INFO o.a.j.t.JMeterThread: Thread started: 秒杀用户 1-348
2026-09-07 23:07:56,440 INFO o.a.j.t.JMeterThread: Thread is done: 秒杀用户 1-343
2026-09-07 23:07:56,440 INFO o.a.j.t.JMeterThread: Thread finished: 秒杀用户 1-343
2026-09-07 23:07:56,449 INFO o.a.j.t.JMeterThread: Thread started: 秒杀用户 1-349
2026-09-07 23:07:56,457 INFO o.a.j.t.JMeterThread: Thread is done: 秒杀用户 1-344
2026-09-07 23:07:56,458 INFO o.a.j.t.JMeterThread: Thread finished: 秒杀用户 1-344
2026-09-07 23:07:56,470 INFO o.a.j.t.JMeterThread: Thread started: 秒杀用户 1-350
2026-09-07 23:07:56,476 INFO o.a.j.t.JMeterThread: Thread is done: 秒杀用户 1-345
2026-09-07 23:07:56,476 INFO o.a.j.t.JMeterThread: Thread finished: 秒杀用户 1-345
2026-09-07 23:07:56,490 INFO o.a.j.t.JMeterThread: Thread started: 秒杀用户 1-351
2026-09-07 23:07:56,499 INFO o.a.j.t.JMeterThread: Thread is done: 秒杀用户 1-346
2026-09-07 23:07:56,499 INFO o.a.j.t.JMeterThread: Thread finished: 秒杀用户 1-346
2026-09-07 23:07:56,511 INFO o.a.j.t.JMeterThread: Thread started: 秒杀用户 1-352
2026-09-07 23:07:56,519 INFO o.a.j.t.JMeterThread: Thread is done: 秒杀用户 1-347
2026-09-07 23:07:56,519 INFO o.a.j.t.JMeterThread: Thread finished: 秒杀用户 1-347
2026-09-07 23:07:56,529 INFO o.a.j.t.JMeterThread: Thread started: 秒杀用户 1-353
2026-09-07 23:07:56,540 INFO o.a.j.t.JMeterThread: Thread is done: 秒杀用户 1-348
2026-09-07 23:07:56,540 INFO o.a.j.t.JMeterThread: Thread finished: 秒杀用户 1-348
2026-09-07 23:07:56,550 INFO o.a.j.t.JMeterThread: Thread started: 秒杀用户 1-354
2026-09-07 23:07:56,559 INFO o.a.j.t.JMeterThread: Thread is done: 秒杀用户 1-349
2026-09-07 23:07:56,559 INFO o.a.j.t.JMeterThread: Thread finished: 秒杀用户 1-349
2026-09-07 23:07:56,569 INFO o.a.j.t.JMeterThread: Thread started: 秒杀用户 1-355
2026-09-07 23:07:56,580 INFO o.a.j.t.JMeterThread: Thread is done: 秒杀用户 1-350
2026-09-07 23:07:56,580 INFO o.a.j.t.JMeterThread: Thread finished: 秒杀用户 1-350
2026-09-07 23:07:56,589 INFO o.a.j.t.JMeterThread: Thread started: 秒杀用户 1-356
2026-09-07 23:07:56,601 INFO o.a.j.t.JMeterThread: Thread is done: 秒杀用户 1-351
2026-09-07 23:07:56,601 INFO o.a.j.t.JMeterThread: Thread finished: 秒杀用户 1-351
2026-09-07 23:07:56,610 INFO o.a.j.t.JMeterThread: Thread started: 秒杀用户 1-357
2026-09-07 23:07:56,620 INFO o.a.j.t.JMeterThread: Thread is done: 秒杀用户 1-352
2026-09-07 23:07:56,620 INFO o.a.j.t.JMeterThread: Thread finished: 秒杀用户 1-352
2026-09-07 23:07:56,630 INFO o.a.j.t.JMeterThread: Thread started: 秒杀用户 1-358
2026-09-07 23:07:56,641 INFO o.a.j.t.JMeterThread: Thread is done: 秒杀用户 1-353
2026-09-07 23:07:56,641 INFO o.a.j.t.JMeterThread: Thread finished: 秒杀用户 1-353
2026-09-07 23:07:56,649 INFO o.a.j.t.JMeterThread: Thread started: 秒杀用户 1-359
2026-09-07 23:07:56,659 INFO o.a.j.t.JMeterThread: Thread is done: 秒杀用户 1-354
2026-09-07 23:07:56,659 INFO o.a.j.t.JMeterThread: Thread finished: 秒杀用户 1-354
2026-09-07 23:07:56,670 INFO o.a.j.t.JMeterThread: Thread started: 秒杀用户 1-360
2026-09-07 23:07:56,679 INFO o.a.j.t.JMeterThread: Thread is done: 秒杀用户 1-355
2026-09-07 23:07:56,679 INFO o.a.j.t.JMeterThread: Thread finished: 秒杀用户 1-355
2026-09-07 23:07:56,690 INFO o.a.j.t.JMeterThread: Thread started: 秒杀用户 1-361
2026-09-07 23:07:56,698 INFO o.a.j.t.JMeterThread: Thread is done: 秒杀用户 1-356
2026-09-07 23:07:56,698 INFO o.a.j.t.JMeterThread: Thread finished: 秒杀用户 1-356
2026-09-07 23:07:56,709 INFO o.a.j.t.JMeterThread: Thread started: 秒杀用户 1-362
2026-09-07 23:07:56,718 INFO o.a.j.t.JMeterThread: Thread is done: 秒杀用户 1-357
2026-09-07 23:07:56,718 INFO o.a.j.t.JMeterThread: Thread finished: 秒杀用户 1-357
2026-09-07 23:07:56,730 INFO o.a.j.t.JMeterThread: Thread started: 秒杀用户 1-363
2026-09-07 23:07:56,741 INFO o.a.j.t.JMeterThread: Thread is done: 秒杀用户 1-358
2026-09-07 23:07:56,741 INFO o.a.j.t.JMeterThread: Thread finished: 秒杀用户 1-358
2026-09-07 23:07:56,750 INFO o.a.j.t.JMeterThread: Thread started: 秒杀用户 1-364
2026-09-07 23:07:56,758 INFO o.a.j.t.JMeterThread: Thread is done: 秒杀用户 1-359
2026-09-07 23:07:56,758 INFO o.a.j.t.JMeterThread: Thread finished: 秒杀用户 1-359
2026-09-07 23:07:56,770 INFO o.a.j.t.JMeterThread: Thread started: 秒杀用户 1-365
2026-09-07 23:07:56,778 INFO o.a.j.t.JMeterThread: Thread is done: 秒杀用户 1-360
2026-09-07 23:07:56,778 INFO o.a.j.t.JMeterThread: Thread finished: 秒杀用户 1-360
2026-09-07 23:07:56,789 INFO o.a.j.t.JMeterThread: Thread started: 秒杀用户 1-366
2026-09-07 23:07:56,799 INFO o.a.j.t.JMeterThread: Thread is done: 秒杀用户 1-361
2026-09-07 23:07:56,799 INFO o.a.j.t.JMeterThread: Thread finished: 秒杀用户 1-361
2026-09-07 23:07:56,810 INFO o.a.j.t.JMeterThread: Thread started: 秒杀用户 1-367
2026-09-07 23:07:56,817 INFO o.a.j.t.JMeterThread: Thread is done: 秒杀用户 1-362
2026-09-07 23:07:56,817 INFO o.a.j.t.JMeterThread: Thread finished: 秒杀用户 1-362
2026-09-07 23:07:56,830 INFO o.a.j.t.JMeterThread: Thread started: 秒杀用户 1-368
2026-09-07 23:07:56,839 INFO o.a.j.t.JMeterThread: Thread is done: 秒杀用户 1-363
2026-09-07 23:07:56,840 INFO o.a.j.t.JMeterThread: Thread finished: 秒杀用户 1-363
2026-09-07 23:07:56,848 INFO o.a.j.t.JMeterThread: Thread started: 秒杀用户 1-369
2026-09-07 23:07:56,860 INFO o.a.j.t.JMeterThread: Thread is done: 秒杀用户 1-364
2026-09-07 23:07:56,860 INFO o.a.j.t.JMeterThread: Thread finished: 秒杀用户 1-364
2026-09-07 23:07:56,868 INFO o.a.j.t.JMeterThread: Thread started: 秒杀用户 1-370
2026-09-07 23:07:56,879 INFO o.a.j.t.JMeterThread: Thread is done: 秒杀用户 1-365
2026-09-07 23:07:56,879 INFO o.a.j.t.JMeterThread: Thread finished: 秒杀用户 1-365
2026-09-07 23:07:56,889 INFO o.a.j.t.JMeterThread: Thread started: 秒杀用户 1-371
2026-09-07 23:07:56,899 INFO o.a.j.t.JMeterThread: Thread is done: 秒杀用户 1-366
2026-09-07 23:07:56,899 INFO o.a.j.t.JMeterThread: Thread finished: 秒杀用户 1-366
2026-09-07 23:07:56,908 INFO o.a.j.t.JMeterThread: Thread started: 秒杀用户 1-372
2026-09-07 23:07:56,919 INFO o.a.j.t.JMeterThread: Thread is done: 秒杀用户 1-367
2026-09-07 23:07:56,919 INFO o.a.j.t.JMeterThread: Thread finished: 秒杀用户 1-367
2026-09-07 23:07:56,929 INFO o.a.j.t.JMeterThread: Thread started: 秒杀用户 1-373
2026-09-07 23:07:56,939 INFO o.a.j.t.JMeterThread: Thread is done: 秒杀用户 1-368
2026-09-07 23:07:56,939 INFO o.a.j.t.JMeterThread: Thread finished: 秒杀用户 1-368
2026-09-07 23:07:56,949 INFO o.a.j.t.JMeterThread: Thread started: 秒杀用户 1-374
2026-09-07 23:07:56,959 INFO o.a.j.t.JMeterThread: Thread is done: 秒杀用户 1-369
2026-09-07 23:07:56,959 INFO o.a.j.t.JMeterThread: Thread finished: 秒杀用户 1-369
2026-09-07 23:07:56,970 INFO o.a.j.t.JMeterThread: Thread started: 秒杀用户 1-375
2026-09-07 23:07:56,978 INFO o.a.j.t.JMeterThread: Thread is done: 秒杀用户 1-370
2026-09-07 23:07:56,978 INFO o.a.j.t.JMeterThread: Thread finished: 秒杀用户 1-370
2026-09-07 23:07:56,989 INFO o.a.j.t.JMeterThread: Thread started: 秒杀用户 1-376
2026-09-07 23:07:56,998 INFO o.a.j.t.JMeterThread: Thread is done: 秒杀用户 1-371
2026-09-07 23:07:56,998 INFO o.a.j.t.JMeterThread: Thread finished: 秒杀用户 1-371
2026-09-07 23:07:57,009 INFO o.a.j.t.JMeterThread: Thread started: 秒杀用户 1-377
2026-09-07 23:07:57,018 INFO o.a.j.t.JMeterThread: Thread is done: 秒杀用户 1-372
2026-09-07 23:07:57,018 INFO o.a.j.t.JMeterThread: Thread finished: 秒杀用户 1-372
2026-09-07 23:07:57,030 INFO o.a.j.t.JMeterThread: Thread started: 秒杀用户 1-378
2026-09-07 23:07:57,040 INFO o.a.j.t.JMeterThread: Thread is done: 秒杀用户 1-373
2026-09-07 23:07:57,040 INFO o.a.j.t.JMeterThread: Thread finished: 秒杀用户 1-373
2026-09-07 23:07:57,049 INFO o.a.j.t.JMeterThread: Thread started: 秒杀用户 1-379
2026-09-07 23:07:57,059 INFO o.a.j.t.JMeterThread: Thread is done: 秒杀用户 1-374
2026-09-07 23:07:57,059 INFO o.a.j.t.JMeterThread: Thread finished: 秒杀用户 1-374
2026-09-07 23:07:57,069 INFO o.a.j.t.JMeterThread: Thread started: 秒杀用户 1-380
2026-09-07 23:07:57,079 INFO o.a.j.t.JMeterThread: Thread is done: 秒杀用户 1-375
2026-09-07 23:07:57,079 INFO o.a.j.t.JMeterThread: Thread finished: 秒杀用户 1-375
2026-09-07 23:07:57,088 INFO o.a.j.t.JMeterThread: Thread started: 秒杀用户 1-381
2026-09-07 23:07:57,101 INFO o.a.j.t.JMeterThread: Thread is done: 秒杀用户 1-376
2026-09-07 23:07:57,101 INFO o.a.j.t.JMeterThread: Thread finished: 秒杀用户 1-376
2026-09-07 23:07:57,109 INFO o.a.j.t.JMeterThread: Thread started: 秒杀用户 1-382
2026-09-07 23:07:57,120 INFO o.a.j.t.JMeterThread: Thread is done: 秒杀用户 1-377
2026-09-07 23:07:57,120 INFO o.a.j.t.JMeterThread: Thread finished: 秒杀用户 1-377
2026-09-07 23:07:57,130 INFO o.a.j.t.JMeterThread: Thread started: 秒杀用户 1-383
2026-09-07 23:07:57,139 INFO o.a.j.t.JMeterThread: Thread is done: 秒杀用户 1-378
2026-09-07 23:07:57,139 INFO o.a.j.t.JMeterThread: Thread finished: 秒杀用户 1-378
2026-09-07 23:07:57,149 INFO o.a.j.t.JMeterThread: Thread started: 秒杀用户 1-384
2026-09-07 23:07:57,159 INFO o.a.j.t.JMeterThread: Thread is done: 秒杀用户 1-379
2026-09-07 23:07:57,160 INFO o.a.j.t.JMeterThread: Thread finished: 秒杀用户 1-379
2026-09-07 23:07:57,170 INFO o.a.j.t.JMeterThread: Thread started: 秒杀用户 1-385
2026-09-07 23:07:57,179 INFO o.a.j.t.JMeterThread: Thread is done: 秒杀用户 1-380
2026-09-07 23:07:57,179 INFO o.a.j.t.JMeterThread: Thread finished: 秒杀用户 1-380
2026-09-07 23:07:57,189 INFO o.a.j.t.JMeterThread: Thread started: 秒杀用户 1-386
2026-09-07 23:07:57,199 INFO o.a.j.t.JMeterThread: Thread is done: 秒杀用户 1-381
2026-09-07 23:07:57,200 INFO o.a.j.t.JMeterThread: Thread finished: 秒杀用户 1-381
2026-09-07 23:07:57,209 INFO o.a.j.t.JMeterThread: Thread started: 秒杀用户 1-387
2026-09-07 23:07:57,217 INFO o.a.j.t.JMeterThread: Thread is done: 秒杀用户 1-382
2026-09-07 23:07:57,217 INFO o.a.j.t.JMeterThread: Thread finished: 秒杀用户 1-382
2026-09-07 23:07:57,229 INFO o.a.j.t.JMeterThread: Thread started: 秒杀用户 1-388
2026-09-07 23:07:57,240 INFO o.a.j.t.JMeterThread: Thread is done: 秒杀用户 1-383
2026-09-07 23:07:57,240 INFO o.a.j.t.JMeterThread: Thread finished: 秒杀用户 1-383
2026-09-07 23:07:57,249 INFO o.a.j.t.JMeterThread: Thread started: 秒杀用户 1-389
2026-09-07 23:07:57,259 INFO o.a.j.t.JMeterThread: Thread is done: 秒杀用户 1-384
2026-09-07 23:07:57,259 INFO o.a.j.t.JMeterThread: Thread finished: 秒杀用户 1-384
2026-09-07 23:07:57,270 INFO o.a.j.t.JMeterThread: Thread started: 秒杀用户 1-390
2026-09-07 23:07:57,281 INFO o.a.j.t.JMeterThread: Thread is done: 秒杀用户 1-385
2026-09-07 23:07:57,281 INFO o.a.j.t.JMeterThread: Thread finished: 秒杀用户 1-385
2026-09-07 23:07:57,289 INFO o.a.j.t.JMeterThread: Thread started: 秒杀用户 1-391
2026-09-07 23:07:57,297 INFO o.a.j.t.JMeterThread: Thread is done: 秒杀用户 1-386
2026-09-07 23:07:57,297 INFO o.a.j.t.JMeterThread: Thread finished: 秒杀用户 1-386
2026-09-07 23:07:57,310 INFO o.a.j.t.JMeterThread: Thread started: 秒杀用户 1-392
2026-09-07 23:07:57,319 INFO o.a.j.t.JMeterThread: Thread is done: 秒杀用户 1-387
2026-09-07 23:07:57,319 INFO o.a.j.t.JMeterThread: Thread finished: 秒杀用户 1-387
2026-09-07 23:07:57,330 INFO o.a.j.t.JMeterThread: Thread started: 秒杀用户 1-393
2026-09-07 23:07:57,340 INFO o.a.j.t.JMeterThread: Thread is done: 秒杀用户 1-388
2026-09-07 23:07:57,340 INFO o.a.j.t.JMeterThread: Thread finished: 秒杀用户 1-388
2026-09-07 23:07:57,350 INFO o.a.j.t.JMeterThread: Thread started: 秒杀用户 1-394
2026-09-07 23:07:57,359 INFO o.a.j.t.JMeterThread: Thread is done: 秒杀用户 1-389
2026-09-07 23:07:57,359 INFO o.a.j.t.JMeterThread: Thread finished: 秒杀用户 1-389
2026-09-07 23:07:57,369 INFO o.a.j.t.JMeterThread: Thread started: 秒杀用户 1-395
2026-09-07 23:07:57,380 INFO o.a.j.t.JMeterThread: Thread is done: 秒杀用户 1-390
2026-09-07 23:07:57,380 INFO o.a.j.t.JMeterThread: Thread finished: 秒杀用户 1-390
2026-09-07 23:07:57,389 INFO o.a.j.t.JMeterThread: Thread started: 秒杀用户 1-396
2026-09-07 23:07:57,400 INFO o.a.j.t.JMeterThread: Thread is done: 秒杀用户 1-391
2026-09-07 23:07:57,400 INFO o.a.j.t.JMeterThread: Thread finished: 秒杀用户 1-391
2026-09-07 23:07:57,408 INFO o.a.j.t.JMeterThread: Thread started: 秒杀用户 1-397
2026-09-07 23:07:57,420 INFO o.a.j.t.JMeterThread: Thread is done: 秒杀用户 1-392
2026-09-07 23:07:57,421 INFO o.a.j.t.JMeterThread: Thread finished: 秒杀用户 1-392
2026-09-07 23:07:57,430 INFO o.a.j.t.JMeterThread: Thread started: 秒杀用户 1-398
2026-09-07 23:07:57,441 INFO o.a.j.t.JMeterThread: Thread is done: 秒杀用户 1-393
2026-09-07 23:07:57,441 INFO o.a.j.t.JMeterThread: Thread finished: 秒杀用户 1-393
2026-09-07 23:07:57,449 INFO o.a.j.t.JMeterThread: Thread started: 秒杀用户 1-399
2026-09-07 23:07:57,461 INFO o.a.j.t.JMeterThread: Thread is done: 秒杀用户 1-394
2026-09-07 23:07:57,461 INFO o.a.j.t.JMeterThread: Thread finished: 秒杀用户 1-394
2026-09-07 23:07:57,470 INFO o.a.j.t.JMeterThread: Thread started: 秒杀用户 1-400
2026-09-07 23:07:57,480 INFO o.a.j.t.JMeterThread: Thread is done: 秒杀用户 1-395
2026-09-07 23:07:57,480 INFO o.a.j.t.JMeterThread: Thread finished: 秒杀用户 1-395
2026-09-07 23:07:57,489 INFO o.a.j.t.JMeterThread: Thread started: 秒杀用户 1-401
2026-09-07 23:07:57,499 INFO o.a.j.t.JMeterThread: Thread is done: 秒杀用户 1-396
2026-09-07 23:07:57,499 INFO o.a.j.t.JMeterThread: Thread finished: 秒杀用户 1-396
2026-09-07 23:07:57,509 INFO o.a.j.t.JMeterThread: Thread started: 秒杀用户 1-402
2026-09-07 23:07:57,518 INFO o.a.j.t.JMeterThread: Thread is done: 秒杀用户 1-397
2026-09-07 23:07:57,518 INFO o.a.j.t.JMeterThread: Thread finished: 秒杀用户 1-397
2026-09-07 23:07:57,529 INFO o.a.j.t.JMeterThread: Thread started: 秒杀用户 1-403
2026-09-07 23:07:57,541 INFO o.a.j.t.JMeterThread: Thread is done: 秒杀用户 1-398
2026-09-07 23:07:57,541 INFO o.a.j.t.JMeterThread: Thread finished: 秒杀用户 1-398
2026-09-07 23:07:57,549 INFO o.a.j.t.JMeterThread: Thread started: 秒杀用户 1-404
2026-09-07 23:07:57,560 INFO o.a.j.t.JMeterThread: Thread is done: 秒杀用户 1-399
2026-09-07 23:07:57,560 INFO o.a.j.t.JMeterThread: Thread finished: 秒杀用户 1-399
2026-09-07 23:07:57,570 INFO o.a.j.t.JMeterThread: Thread started: 秒杀用户 1-405
2026-09-07 23:07:57,578 INFO o.a.j.t.JMeterThread: Thread is done: 秒杀用户 1-400
2026-09-07 23:07:57,578 INFO o.a.j.t.JMeterThread: Thread finished: 秒杀用户 1-400
2026-09-07 23:07:57,591 INFO o.a.j.t.JMeterThread: Thread started: 秒杀用户 1-406
2026-09-07 23:07:57,599 INFO o.a.j.t.JMeterThread: Thread is done: 秒杀用户 1-401
2026-09-07 23:07:57,599 INFO o.a.j.t.JMeterThread: Thread finished: 秒杀用户 1-401
2026-09-07 23:07:57,609 INFO o.a.j.t.JMeterThread: Thread started: 秒杀用户 1-407
2026-09-07 23:07:57,620 INFO o.a.j.t.JMeterThread: Thread is done: 秒杀用户 1-402
2026-09-07 23:07:57,620 INFO o.a.j.t.JMeterThread: Thread finished: 秒杀用户 1-402
2026-09-07 23:07:57,629 INFO o.a.j.t.JMeterThread: Thread started: 秒杀用户 1-408
2026-09-07 23:07:57,639 INFO o.a.j.t.JMeterThread: Thread is done: 秒杀用户 1-403
2026-09-07 23:07:57,639 INFO o.a.j.t.JMeterThread: Thread finished: 秒杀用户 1-403
2026-09-07 23:07:57,649 INFO o.a.j.t.JMeterThread: Thread started: 秒杀用户 1-409
2026-09-07 23:07:57,658 INFO o.a.j.t.JMeterThread: Thread is done: 秒杀用户 1-404
2026-09-07 23:07:57,658 INFO o.a.j.t.JMeterThread: Thread finished: 秒杀用户 1-404
2026-09-07 23:07:57,670 INFO o.a.j.t.JMeterThread: Thread started: 秒杀用户 1-410
2026-09-07 23:07:57,680 INFO o.a.j.t.JMeterThread: Thread is done: 秒杀用户 1-405
2026-09-07 23:07:57,680 INFO o.a.j.t.JMeterThread: Thread finished: 秒杀用户 1-405
2026-09-07 23:07:57,690 INFO o.a.j.t.JMeterThread: Thread started: 秒杀用户 1-411
2026-09-07 23:07:57,701 INFO o.a.j.t.JMeterThread: Thread is done: 秒杀用户 1-406
2026-09-07 23:07:57,701 INFO o.a.j.t.JMeterThread: Thread finished: 秒杀用户 1-406
2026-09-07 23:07:57,709 INFO o.a.j.t.JMeterThread: Thread started: 秒杀用户 1-412
2026-09-07 23:07:57,720 INFO o.a.j.t.JMeterThread: Thread is done: 秒杀用户 1-407
2026-09-07 23:07:57,720 INFO o.a.j.t.JMeterThread: Thread finished: 秒杀用户 1-407
2026-09-07 23:07:57,729 INFO o.a.j.t.JMeterThread: Thread started: 秒杀用户 1-413
2026-09-07 23:07:57,740 INFO o.a.j.t.JMeterThread: Thread is done: 秒杀用户 1-408
2026-09-07 23:07:57,740 INFO o.a.j.t.JMeterThread: Thread finished: 秒杀用户 1-408
2026-09-07 23:07:57,750 INFO o.a.j.t.JMeterThread: Thread started: 秒杀用户 1-414
2026-09-07 23:07:57,760 INFO o.a.j.t.JMeterThread: Thread is done: 秒杀用户 1-409
2026-09-07 23:07:57,760 INFO o.a.j.t.JMeterThread: Thread finished: 秒杀用户 1-409
2026-09-07 23:07:57,770 INFO o.a.j.t.JMeterThread: Thread started: 秒杀用户 1-415
2026-09-07 23:07:57,780 INFO o.a.j.t.JMeterThread: Thread is done: 秒杀用户 1-410
2026-09-07 23:07:57,780 INFO o.a.j.t.JMeterThread: Thread finished: 秒杀用户 1-410
2026-09-07 23:07:57,789 INFO o.a.j.t.JMeterThread: Thread started: 秒杀用户 1-416
2026-09-07 23:07:57,799 INFO o.a.j.t.JMeterThread: Thread is done: 秒杀用户 1-411
2026-09-07 23:07:57,799 INFO o.a.j.t.JMeterThread: Thread finished: 秒杀用户 1-411
2026-09-07 23:07:57,809 INFO o.a.j.t.JMeterThread: Thread started: 秒杀用户 1-417
2026-09-07 23:07:57,818 INFO o.a.j.t.JMeterThread: Thread is done: 秒杀用户 1-412
2026-09-07 23:07:57,818 INFO o.a.j.t.JMeterThread: Thread finished: 秒杀用户 1-412
2026-09-07 23:07:57,829 INFO o.a.j.t.JMeterThread: Thread started: 秒杀用户 1-418
2026-09-07 23:07:57,839 INFO o.a.j.t.JMeterThread: Thread is done: 秒杀用户 1-413
2026-09-07 23:07:57,840 INFO o.a.j.t.JMeterThread: Thread finished: 秒杀用户 1-413
2026-09-07 23:07:57,849 INFO o.a.j.t.JMeterThread: Thread started: 秒杀用户 1-419
2026-09-07 23:07:57,860 INFO o.a.j.t.JMeterThread: Thread is done: 秒杀用户 1-414
2026-09-07 23:07:57,860 INFO o.a.j.t.JMeterThread: Thread finished: 秒杀用户 1-414
2026-09-07 23:07:57,869 INFO o.a.j.t.JMeterThread: Thread started: 秒杀用户 1-420
2026-09-07 23:07:57,880 INFO o.a.j.t.JMeterThread: Thread is done: 秒杀用户 1-415
2026-09-07 23:07:57,880 INFO o.a.j.t.JMeterThread: Thread finished: 秒杀用户 1-415
2026-09-07 23:07:57,888 INFO o.a.j.t.JMeterThread: Thread started: 秒杀用户 1-421
2026-09-07 23:07:57,900 INFO o.a.j.t.JMeterThread: Thread is done: 秒杀用户 1-416
2026-09-07 23:07:57,900 INFO o.a.j.t.JMeterThread: Thread finished: 秒杀用户 1-416
2026-09-07 23:07:57,909 INFO o.a.j.t.JMeterThread: Thread started: 秒杀用户 1-422
2026-09-07 23:07:57,921 INFO o.a.j.t.JMeterThread: Thread is done: 秒杀用户 1-417
2026-09-07 23:07:57,921 INFO o.a.j.t.JMeterThread: Thread finished: 秒杀用户 1-417
2026-09-07 23:07:57,930 INFO o.a.j.t.JMeterThread: Thread started: 秒杀用户 1-423
2026-09-07 23:07:57,940 INFO o.a.j.t.JMeterThread: Thread is done: 秒杀用户 1-418
2026-09-07 23:07:57,940 INFO o.a.j.t.JMeterThread: Thread finished: 秒杀用户 1-418
2026-09-07 23:07:57,949 INFO o.a.j.t.JMeterThread: Thread started: 秒杀用户 1-424
2026-09-07 23:07:57,958 INFO o.a.j.t.JMeterThread: Thread is done: 秒杀用户 1-419
2026-09-07 23:07:57,958 INFO o.a.j.t.JMeterThread: Thread finished: 秒杀用户 1-419
2026-09-07 23:07:57,969 INFO o.a.j.t.JMeterThread: Thread started: 秒杀用户 1-425
2026-09-07 23:07:57,982 INFO o.a.j.t.JMeterThread: Thread is done: 秒杀用户 1-420
2026-09-07 23:07:57,982 INFO o.a.j.t.JMeterThread: Thread finished: 秒杀用户 1-420
2026-09-07 23:07:57,990 INFO o.a.j.t.JMeterThread: Thread started: 秒杀用户 1-426
2026-09-07 23:07:57,998 INFO o.a.j.t.JMeterThread: Thread is done: 秒杀用户 1-421
2026-09-07 23:07:57,998 INFO o.a.j.t.JMeterThread: Thread finished: 秒杀用户 1-421
2026-09-07 23:07:58,010 INFO o.a.j.t.JMeterThread: Thread started: 秒杀用户 1-427
2026-09-07 23:07:58,019 INFO o.a.j.t.JMeterThread: Thread is done: 秒杀用户 1-422
2026-09-07 23:07:58,019 INFO o.a.j.t.JMeterThread: Thread finished: 秒杀用户 1-422
2026-09-07 23:07:58,028 INFO o.a.j.t.JMeterThread: Thread started: 秒杀用户 1-428
2026-09-07 23:07:58,040 INFO o.a.j.t.JMeterThread: Thread is done: 秒杀用户 1-423
2026-09-07 23:07:58,040 INFO o.a.j.t.JMeterThread: Thread finished: 秒杀用户 1-423
2026-09-07 23:07:58,049 INFO o.a.j.t.JMeterThread: Thread started: 秒杀用户 1-429
2026-09-07 23:07:58,058 INFO o.a.j.t.JMeterThread: Thread is done: 秒杀用户 1-424
2026-09-07 23:07:58,058 INFO o.a.j.t.JMeterThread: Thread finished: 秒杀用户 1-424
2026-09-07 23:07:58,068 INFO o.a.j.t.JMeterThread: Thread started: 秒杀用户 1-430
2026-09-07 23:07:58,079 INFO o.a.j.t.JMeterThread: Thread is done: 秒杀用户 1-425
2026-09-07 23:07:58,080 INFO o.a.j.t.JMeterThread: Thread finished: 秒杀用户 1-425
2026-09-07 23:07:58,090 INFO o.a.j.t.JMeterThread: Thread started: 秒杀用户 1-431
2026-09-07 23:07:58,099 INFO o.a.j.t.JMeterThread: Thread is done: 秒杀用户 1-426
2026-09-07 23:07:58,099 INFO o.a.j.t.JMeterThread: Thread finished: 秒杀用户 1-426
2026-09-07 23:07:58,109 INFO o.a.j.t.JMeterThread: Thread started: 秒杀用户 1-432
2026-09-07 23:07:58,120 INFO o.a.j.t.JMeterThread: Thread is done: 秒杀用户 1-427
2026-09-07 23:07:58,120 INFO o.a.j.t.JMeterThread: Thread finished: 秒杀用户 1-427
2026-09-07 23:07:58,130 INFO o.a.j.t.JMeterThread: Thread started: 秒杀用户 1-433
2026-09-07 23:07:58,137 INFO o.a.j.t.JMeterThread: Thread is done: 秒杀用户 1-428
2026-09-07 23:07:58,137 INFO o.a.j.t.JMeterThread: Thread finished: 秒杀用户 1-428
2026-09-07 23:07:58,148 INFO o.a.j.t.JMeterThread: Thread started: 秒杀用户 1-434
2026-09-07 23:07:58,160 INFO o.a.j.t.JMeterThread: Thread is done: 秒杀用户 1-429
2026-09-07 23:07:58,160 INFO o.a.j.t.JMeterThread: Thread finished: 秒杀用户 1-429
2026-09-07 23:07:58,169 INFO o.a.j.t.JMeterThread: Thread started: 秒杀用户 1-435
2026-09-07 23:07:58,180 INFO o.a.j.t.JMeterThread: Thread is done: 秒杀用户 1-430
2026-09-07 23:07:58,180 INFO o.a.j.t.JMeterThread: Thread finished: 秒杀用户 1-430
2026-09-07 23:07:58,189 INFO o.a.j.t.JMeterThread: Thread started: 秒杀用户 1-436
2026-09-07 23:07:58,199 INFO o.a.j.t.JMeterThread: Thread is done: 秒杀用户 1-431
2026-09-07 23:07:58,199 INFO o.a.j.t.JMeterThread: Thread finished: 秒杀用户 1-431
2026-09-07 23:07:58,208 INFO o.a.j.t.JMeterThread: Thread started: 秒杀用户 1-437
2026-09-07 23:07:58,221 INFO o.a.j.t.JMeterThread: Thread is done: 秒杀用户 1-432
2026-09-07 23:07:58,221 INFO o.a.j.t.JMeterThread: Thread finished: 秒杀用户 1-432
2026-09-07 23:07:58,228 INFO o.a.j.t.JMeterThread: Thread started: 秒杀用户 1-438
2026-09-07 23:07:58,241 INFO o.a.j.t.JMeterThread: Thread is done: 秒杀用户 1-433
2026-09-07 23:07:58,241 INFO o.a.j.t.JMeterThread: Thread finished: 秒杀用户 1-433
2026-09-07 23:07:58,250 INFO o.a.j.t.JMeterThread: Thread started: 秒杀用户 1-439
2026-09-07 23:07:58,259 INFO o.a.j.t.JMeterThread: Thread is done: 秒杀用户 1-434
2026-09-07 23:07:58,259 INFO o.a.j.t.JMeterThread: Thread finished: 秒杀用户 1-434
2026-09-07 23:07:58,270 INFO o.a.j.t.JMeterThread: Thread started: 秒杀用户 1-440
2026-09-07 23:07:58,278 INFO o.a.j.t.JMeterThread: Thread is done: 秒杀用户 1-435
2026-09-07 23:07:58,278 INFO o.a.j.t.JMeterThread: Thread finished: 秒杀用户 1-435
2026-09-07 23:07:58,288 INFO o.a.j.t.JMeterThread: Thread started: 秒杀用户 1-441
2026-09-07 23:07:58,299 INFO o.a.j.t.JMeterThread: Thread is done: 秒杀用户 1-436
2026-09-07 23:07:58,299 INFO o.a.j.t.JMeterThread: Thread finished: 秒杀用户 1-436
2026-09-07 23:07:58,309 INFO o.a.j.t.JMeterThread: Thread started: 秒杀用户 1-442
2026-09-07 23:07:58,318 INFO o.a.j.t.JMeterThread: Thread is done: 秒杀用户 1-437
2026-09-07 23:07:58,318 INFO o.a.j.t.JMeterThread: Thread finished: 秒杀用户 1-437
2026-09-07 23:07:58,330 INFO o.a.j.t.JMeterThread: Thread started: 秒杀用户 1-443
2026-09-07 23:07:58,337 INFO o.a.j.t.JMeterThread: Thread is done: 秒杀用户 1-438
2026-09-07 23:07:58,337 INFO o.a.j.t.JMeterThread: Thread finished: 秒杀用户 1-438
2026-09-07 23:07:58,348 INFO o.a.j.t.JMeterThread: Thread started: 秒杀用户 1-444
2026-09-07 23:07:58,358 INFO o.a.j.t.JMeterThread: Thread is done: 秒杀用户 1-439
2026-09-07 23:07:58,358 INFO o.a.j.t.JMeterThread: Thread finished: 秒杀用户 1-439
2026-09-07 23:07:58,368 INFO o.a.j.t.JMeterThread: Thread started: 秒杀用户 1-445
2026-09-07 23:07:58,379 INFO o.a.j.t.JMeterThread: Thread is done: 秒杀用户 1-440
2026-09-07 23:07:58,379 INFO o.a.j.t.JMeterThread: Thread finished: 秒杀用户 1-440
2026-09-07 23:07:58,389 INFO o.a.j.t.JMeterThread: Thread started: 秒杀用户 1-446
2026-09-07 23:07:58,397 INFO o.a.j.t.JMeterThread: Thread is done: 秒杀用户 1-441
2026-09-07 23:07:58,397 INFO o.a.j.t.JMeterThread: Thread finished: 秒杀用户 1-441
2026-09-07 23:07:58,408 INFO o.a.j.t.JMeterThread: Thread started: 秒杀用户 1-447
2026-09-07 23:07:58,419 INFO o.a.j.t.JMeterThread: Thread is done: 秒杀用户 1-442
2026-09-07 23:07:58,419 INFO o.a.j.t.JMeterThread: Thread finished: 秒杀用户 1-442
2026-09-07 23:07:58,429 INFO o.a.j.t.JMeterThread: Thread started: 秒杀用户 1-448
2026-09-07 23:07:58,440 INFO o.a.j.t.JMeterThread: Thread is done: 秒杀用户 1-443
2026-09-07 23:07:58,440 INFO o.a.j.t.JMeterThread: Thread finished: 秒杀用户 1-443
2026-09-07 23:07:58,449 INFO o.a.j.t.JMeterThread: Thread started: 秒杀用户 1-449
2026-09-07 23:07:58,457 INFO o.a.j.t.JMeterThread: Thread is done: 秒杀用户 1-444
2026-09-07 23:07:58,457 INFO o.a.j.t.JMeterThread: Thread finished: 秒杀用户 1-444
2026-09-07 23:07:58,470 INFO o.a.j.t.JMeterThread: Thread started: 秒杀用户 1-450
2026-09-07 23:07:58,479 INFO o.a.j.t.JMeterThread: Thread is done: 秒杀用户 1-445
2026-09-07 23:07:58,479 INFO o.a.j.t.JMeterThread: Thread finished: 秒杀用户 1-445
2026-09-07 23:07:58,488 INFO o.a.j.t.JMeterThread: Thread started: 秒杀用户 1-451
2026-09-07 23:07:58,500 INFO o.a.j.t.JMeterThread: Thread is done: 秒杀用户 1-446
2026-09-07 23:07:58,500 INFO o.a.j.t.JMeterThread: Thread finished: 秒杀用户 1-446
2026-09-07 23:07:58,509 INFO o.a.j.t.JMeterThread: Thread started: 秒杀用户 1-452
2026-09-07 23:07:58,518 INFO o.a.j.t.JMeterThread: Thread is done: 秒杀用户 1-447
2026-09-07 23:07:58,518 INFO o.a.j.t.JMeterThread: Thread finished: 秒杀用户 1-447
2026-09-07 23:07:58,529 INFO o.a.j.t.JMeterThread: Thread started: 秒杀用户 1-453
2026-09-07 23:07:58,537 INFO o.a.j.t.JMeterThread: Thread is done: 秒杀用户 1-448
2026-09-07 23:07:58,537 INFO o.a.j.t.JMeterThread: Thread finished: 秒杀用户 1-448
2026-09-07 23:07:58,549 INFO o.a.j.t.JMeterThread: Thread started: 秒杀用户 1-454
2026-09-07 23:07:58,560 INFO o.a.j.t.JMeterThread: Thread is done: 秒杀用户 1-449
2026-09-07 23:07:58,560 INFO o.a.j.t.JMeterThread: Thread finished: 秒杀用户 1-449
2026-09-07 23:07:58,570 INFO o.a.j.t.JMeterThread: Thread started: 秒杀用户 1-455
2026-09-07 23:07:58,579 INFO o.a.j.t.JMeterThread: Thread is done: 秒杀用户 1-450
2026-09-07 23:07:58,579 INFO o.a.j.t.JMeterThread: Thread finished: 秒杀用户 1-450
2026-09-07 23:07:58,590 INFO o.a.j.t.JMeterThread: Thread started: 秒杀用户 1-456
2026-09-07 23:07:58,600 INFO o.a.j.t.JMeterThread: Thread is done: 秒杀用户 1-451
2026-09-07 23:07:58,600 INFO o.a.j.t.JMeterThread: Thread finished: 秒杀用户 1-451
2026-09-07 23:07:58,609 INFO o.a.j.t.JMeterThread: Thread started: 秒杀用户 1-457
2026-09-07 23:07:58,619 INFO o.a.j.t.JMeterThread: Thread is done: 秒杀用户 1-452
2026-09-07 23:07:58,619 INFO o.a.j.t.JMeterThread: Thread finished: 秒杀用户 1-452
2026-09-07 23:07:58,631 INFO o.a.j.t.JMeterThread: Thread started: 秒杀用户 1-458
2026-09-07 23:07:58,639 INFO o.a.j.t.JMeterThread: Thread is done: 秒杀用户 1-453
2026-09-07 23:07:58,639 INFO o.a.j.t.JMeterThread: Thread finished: 秒杀用户 1-453
2026-09-07 23:07:58,650 INFO o.a.j.t.JMeterThread: Thread started: 秒杀用户 1-459
2026-09-07 23:07:58,658 INFO o.a.j.t.JMeterThread: Thread is done: 秒杀用户 1-454
2026-09-07 23:07:58,658 INFO o.a.j.t.JMeterThread: Thread finished: 秒杀用户 1-454
2026-09-07 23:07:58,669 INFO o.a.j.t.JMeterThread: Thread started: 秒杀用户 1-460
2026-09-07 23:07:58,681 INFO o.a.j.t.JMeterThread: Thread is done: 秒杀用户 1-455
2026-09-07 23:07:58,681 INFO o.a.j.t.JMeterThread: Thread finished: 秒杀用户 1-455
2026-09-07 23:07:58,689 INFO o.a.j.t.JMeterThread: Thread started: 秒杀用户 1-461
2026-09-07 23:07:58,700 INFO o.a.j.t.JMeterThread: Thread is done: 秒杀用户 1-456
2026-09-07 23:07:58,700 INFO o.a.j.t.JMeterThread: Thread finished: 秒杀用户 1-456
2026-09-07 23:07:58,710 INFO o.a.j.t.JMeterThread: Thread started: 秒杀用户 1-462
2026-09-07 23:07:58,719 INFO o.a.j.t.JMeterThread: Thread is done: 秒杀用户 1-457
2026-09-07 23:07:58,720 INFO o.a.j.t.JMeterThread: Thread finished: 秒杀用户 1-457
2026-09-07 23:07:58,731 INFO o.a.j.t.JMeterThread: Thread started: 秒杀用户 1-463
2026-09-07 23:07:58,741 INFO o.a.j.t.JMeterThread: Thread is done: 秒杀用户 1-458
2026-09-07 23:07:58,741 INFO o.a.j.t.JMeterThread: Thread finished: 秒杀用户 1-458
2026-09-07 23:07:58,748 INFO o.a.j.t.JMeterThread: Thread started: 秒杀用户 1-464
2026-09-07 23:07:58,761 INFO o.a.j.t.JMeterThread: Thread is done: 秒杀用户 1-459
2026-09-07 23:07:58,761 INFO o.a.j.t.JMeterThread: Thread finished: 秒杀用户 1-459
2026-09-07 23:07:58,770 INFO o.a.j.t.JMeterThread: Thread started: 秒杀用户 1-465
2026-09-07 23:07:58,780 INFO o.a.j.t.JMeterThread: Thread is done: 秒杀用户 1-460
2026-09-07 23:07:58,780 INFO o.a.j.t.JMeterThread: Thread finished: 秒杀用户 1-460
2026-09-07 23:07:58,790 INFO o.a.j.t.JMeterThread: Thread started: 秒杀用户 1-466
2026-09-07 23:07:58,798 INFO o.a.j.t.JMeterThread: Thread is done: 秒杀用户 1-461
2026-09-07 23:07:58,799 INFO o.a.j.t.JMeterThread: Thread finished: 秒杀用户 1-461
2026-09-07 23:07:58,808 INFO o.a.j.t.JMeterThread: Thread started: 秒杀用户 1-467
2026-09-07 23:07:58,821 INFO o.a.j.t.JMeterThread: Thread is done: 秒杀用户 1-462
2026-09-07 23:07:58,821 INFO o.a.j.t.JMeterThread: Thread finished: 秒杀用户 1-462
2026-09-07 23:07:58,830 INFO o.a.j.t.JMeterThread: Thread started: 秒杀用户 1-468
2026-09-07 23:07:58,842 INFO o.a.j.t.JMeterThread: Thread is done: 秒杀用户 1-463
2026-09-07 23:07:58,842 INFO o.a.j.t.JMeterThread: Thread finished: 秒杀用户 1-463
2026-09-07 23:07:58,849 INFO o.a.j.t.JMeterThread: Thread started: 秒杀用户 1-469
2026-09-07 23:07:58,859 INFO o.a.j.t.JMeterThread: Thread is done: 秒杀用户 1-464
2026-09-07 23:07:58,860 INFO o.a.j.t.JMeterThread: Thread finished: 秒杀用户 1-464
2026-09-07 23:07:58,869 INFO o.a.j.t.JMeterThread: Thread started: 秒杀用户 1-470
2026-09-07 23:07:58,880 INFO o.a.j.t.JMeterThread: Thread is done: 秒杀用户 1-465
2026-09-07 23:07:58,880 INFO o.a.j.t.JMeterThread: Thread finished: 秒杀用户 1-465
2026-09-07 23:07:58,889 INFO o.a.j.t.JMeterThread: Thread started: 秒杀用户 1-471
2026-09-07 23:07:58,901 INFO o.a.j.t.JMeterThread: Thread is done: 秒杀用户 1-466
2026-09-07 23:07:58,901 INFO o.a.j.t.JMeterThread: Thread finished: 秒杀用户 1-466
2026-09-07 23:07:58,911 INFO o.a.j.t.JMeterThread: Thread started: 秒杀用户 1-472
2026-09-07 23:07:58,919 INFO o.a.j.t.JMeterThread: Thread is done: 秒杀用户 1-467
2026-09-07 23:07:58,919 INFO o.a.j.t.JMeterThread: Thread finished: 秒杀用户 1-467
2026-09-07 23:07:58,930 INFO o.a.j.t.JMeterThread: Thread started: 秒杀用户 1-473
2026-09-07 23:07:58,941 INFO o.a.j.t.JMeterThread: Thread is done: 秒杀用户 1-468
2026-09-07 23:07:58,941 INFO o.a.j.t.JMeterThread: Thread finished: 秒杀用户 1-468
2026-09-07 23:07:58,949 INFO o.a.j.t.JMeterThread: Thread started: 秒杀用户 1-474
2026-09-07 23:07:58,960 INFO o.a.j.t.JMeterThread: Thread is done: 秒杀用户 1-469
2026-09-07 23:07:58,960 INFO o.a.j.t.JMeterThread: Thread finished: 秒杀用户 1-469
2026-09-07 23:07:58,970 INFO o.a.j.t.JMeterThread: Thread started: 秒杀用户 1-475
2026-09-07 23:07:58,979 INFO o.a.j.t.JMeterThread: Thread is done: 秒杀用户 1-470
2026-09-07 23:07:58,979 INFO o.a.j.t.JMeterThread: Thread finished: 秒杀用户 1-470
2026-09-07 23:07:58,990 INFO o.a.j.t.JMeterThread: Thread started: 秒杀用户 1-476
2026-09-07 23:07:58,998 INFO o.a.j.t.JMeterThread: Thread is done: 秒杀用户 1-471
2026-09-07 23:07:58,998 INFO o.a.j.t.JMeterThread: Thread finished: 秒杀用户 1-471
2026-09-07 23:07:59,009 INFO o.a.j.t.JMeterThread: Thread started: 秒杀用户 1-477
2026-09-07 23:07:59,021 INFO o.a.j.t.JMeterThread: Thread is done: 秒杀用户 1-472
2026-09-07 23:07:59,022 INFO o.a.j.t.JMeterThread: Thread finished: 秒杀用户 1-472
2026-09-07 23:07:59,029 INFO o.a.j.t.JMeterThread: Thread started: 秒杀用户 1-478
2026-09-07 23:07:59,039 INFO o.a.j.t.JMeterThread: Thread is done: 秒杀用户 1-473
2026-09-07 23:07:59,039 INFO o.a.j.t.JMeterThread: Thread finished: 秒杀用户 1-473
2026-09-07 23:07:59,050 INFO o.a.j.t.JMeterThread: Thread started: 秒杀用户 1-479
2026-09-07 23:07:59,057 INFO o.a.j.t.JMeterThread: Thread is done: 秒杀用户 1-474
2026-09-07 23:07:59,058 INFO o.a.j.t.JMeterThread: Thread finished: 秒杀用户 1-474
2026-09-07 23:07:59,068 INFO o.a.j.t.JMeterThread: Thread started: 秒杀用户 1-480
2026-09-07 23:07:59,079 INFO o.a.j.t.JMeterThread: Thread is done: 秒杀用户 1-475
2026-09-07 23:07:59,079 INFO o.a.j.t.JMeterThread: Thread finished: 秒杀用户 1-475
2026-09-07 23:07:59,090 INFO o.a.j.t.JMeterThread: Thread started: 秒杀用户 1-481
2026-09-07 23:07:59,100 INFO o.a.j.t.JMeterThread: Thread is done: 秒杀用户 1-476
2026-09-07 23:07:59,100 INFO o.a.j.t.JMeterThread: Thread finished: 秒杀用户 1-476
2026-09-07 23:07:59,110 INFO o.a.j.t.JMeterThread: Thread started: 秒杀用户 1-482
2026-09-07 23:07:59,118 INFO o.a.j.t.JMeterThread: Thread is done: 秒杀用户 1-477
2026-09-07 23:07:59,118 INFO o.a.j.t.JMeterThread: Thread finished: 秒杀用户 1-477
2026-09-07 23:07:59,130 INFO o.a.j.t.JMeterThread: Thread started: 秒杀用户 1-483
2026-09-07 23:07:59,141 INFO o.a.j.t.JMeterThread: Thread is done: 秒杀用户 1-478
2026-09-07 23:07:59,141 INFO o.a.j.t.JMeterThread: Thread finished: 秒杀用户 1-478
2026-09-07 23:07:59,149 INFO o.a.j.t.JMeterThread: Thread started: 秒杀用户 1-484
2026-09-07 23:07:59,158 INFO o.a.j.t.JMeterThread: Thread is done: 秒杀用户 1-479
2026-09-07 23:07:59,158 INFO o.a.j.t.JMeterThread: Thread finished: 秒杀用户 1-479
2026-09-07 23:07:59,169 INFO o.a.j.t.JMeterThread: Thread started: 秒杀用户 1-485
2026-09-07 23:07:59,178 INFO o.a.j.t.JMeterThread: Thread is done: 秒杀用户 1-480
2026-09-07 23:07:59,179 INFO o.a.j.t.JMeterThread: Thread finished: 秒杀用户 1-480
2026-09-07 23:07:59,190 INFO o.a.j.t.JMeterThread: Thread started: 秒杀用户 1-486
2026-09-07 23:07:59,198 INFO o.a.j.t.JMeterThread: Thread is done: 秒杀用户 1-481
2026-09-07 23:07:59,198 INFO o.a.j.t.JMeterThread: Thread finished: 秒杀用户 1-481
2026-09-07 23:07:59,210 INFO o.a.j.t.JMeterThread: Thread started: 秒杀用户 1-487
2026-09-07 23:07:59,221 INFO o.a.j.t.JMeterThread: Thread is done: 秒杀用户 1-482
2026-09-07 23:07:59,221 INFO o.a.j.t.JMeterThread: Thread finished: 秒杀用户 1-482
2026-09-07 23:07:59,229 INFO o.a.j.t.JMeterThread: Thread started: 秒杀用户 1-488
2026-09-07 23:07:59,241 INFO o.a.j.t.JMeterThread: Thread is done: 秒杀用户 1-483
2026-09-07 23:07:59,241 INFO o.a.j.t.JMeterThread: Thread finished: 秒杀用户 1-483
2026-09-07 23:07:59,249 INFO o.a.j.t.JMeterThread: Thread started: 秒杀用户 1-489
2026-09-07 23:07:59,259 INFO o.a.j.t.JMeterThread: Thread is done: 秒杀用户 1-484
2026-09-07 23:07:59,259 INFO o.a.j.t.JMeterThread: Thread finished: 秒杀用户 1-484
2026-09-07 23:07:59,269 INFO o.a.j.t.JMeterThread: Thread started: 秒杀用户 1-490
2026-09-07 23:07:59,279 INFO o.a.j.t.JMeterThread: Thread is done: 秒杀用户 1-485
2026-09-07 23:07:59,279 INFO o.a.j.t.JMeterThread: Thread finished: 秒杀用户 1-485
2026-09-07 23:07:59,290 INFO o.a.j.t.JMeterThread: Thread started: 秒杀用户 1-491
2026-09-07 23:07:59,300 INFO o.a.j.t.JMeterThread: Thread is done: 秒杀用户 1-486
2026-09-07 23:07:59,300 INFO o.a.j.t.JMeterThread: Thread finished: 秒杀用户 1-486
2026-09-07 23:07:59,310 INFO o.a.j.t.JMeterThread: Thread started: 秒杀用户 1-492
2026-09-07 23:07:59,321 INFO o.a.j.t.JMeterThread: Thread is done: 秒杀用户 1-487
2026-09-07 23:07:59,321 INFO o.a.j.t.JMeterThread: Thread finished: 秒杀用户 1-487
2026-09-07 23:07:59,329 INFO o.a.j.t.JMeterThread: Thread started: 秒杀用户 1-493
2026-09-07 23:07:59,338 INFO o.a.j.t.JMeterThread: Thread is done: 秒杀用户 1-488
2026-09-07 23:07:59,338 INFO o.a.j.t.JMeterThread: Thread finished: 秒杀用户 1-488
2026-09-07 23:07:59,349 INFO o.a.j.t.JMeterThread: Thread started: 秒杀用户 1-494
2026-09-07 23:07:59,359 INFO o.a.j.t.JMeterThread: Thread is done: 秒杀用户 1-489
2026-09-07 23:07:59,359 INFO o.a.j.t.JMeterThread: Thread finished: 秒杀用户 1-489
2026-09-07 23:07:59,370 INFO o.a.j.t.JMeterThread: Thread started: 秒杀用户 1-495
2026-09-07 23:07:59,378 INFO o.a.j.t.JMeterThread: Thread is done: 秒杀用户 1-490
2026-09-07 23:07:59,378 INFO o.a.j.t.JMeterThread: Thread finished: 秒杀用户 1-490
2026-09-07 23:07:59,389 INFO o.a.j.t.JMeterThread: Thread started: 秒杀用户 1-496
2026-09-07 23:07:59,400 INFO o.a.j.t.JMeterThread: Thread is done: 秒杀用户 1-491
2026-09-07 23:07:59,400 INFO o.a.j.t.JMeterThread: Thread finished: 秒杀用户 1-491
2026-09-07 23:07:59,408 INFO o.a.j.t.JMeterThread: Thread started: 秒杀用户 1-497
2026-09-07 23:07:59,420 INFO o.a.j.t.JMeterThread: Thread is done: 秒杀用户 1-492
2026-09-07 23:07:59,421 INFO o.a.j.t.JMeterThread: Thread finished: 秒杀用户 1-492
2026-09-07 23:07:59,429 INFO o.a.j.t.JMeterThread: Thread started: 秒杀用户 1-498
2026-09-07 23:07:59,441 INFO o.a.j.t.JMeterThread: Thread is done: 秒杀用户 1-493
2026-09-07 23:07:59,441 INFO o.a.j.t.JMeterThread: Thread finished: 秒杀用户 1-493
2026-09-07 23:07:59,450 INFO o.a.j.t.JMeterThread: Thread started: 秒杀用户 1-499
2026-09-07 23:07:59,459 INFO o.a.j.t.JMeterThread: Thread is done: 秒杀用户 1-494
2026-09-07 23:07:59,459 INFO o.a.j.t.JMeterThread: Thread finished: 秒杀用户 1-494
2026-09-07 23:07:59,470 INFO o.a.j.t.JMeterThread: Thread started: 秒杀用户 1-500
2026-09-07 23:07:59,481 INFO o.a.j.t.JMeterThread: Thread is done: 秒杀用户 1-495
2026-09-07 23:07:59,481 INFO o.a.j.t.JMeterThread: Thread finished: 秒杀用户 1-495
2026-09-07 23:07:59,489 INFO o.a.j.t.JMeterThread: Thread started: 秒杀用户 1-501
2026-09-07 23:07:59,499 INFO o.a.j.t.JMeterThread: Thread is done: 秒杀用户 1-496
2026-09-07 23:07:59,499 INFO o.a.j.t.JMeterThread: Thread finished: 秒杀用户 1-496
2026-09-07 23:07:59,509 INFO o.a.j.t.JMeterThread: Thread started: 秒杀用户 1-502
2026-09-07 23:07:59,518 INFO o.a.j.t.JMeterThread: Thread is done: 秒杀用户 1-497
2026-09-07 23:07:59,519 INFO o.a.j.t.JMeterThread: Thread finished: 秒杀用户 1-497
2026-09-07 23:07:59,529 INFO o.a.j.t.JMeterThread: Thread started: 秒杀用户 1-503
2026-09-07 23:07:59,539 INFO o.a.j.t.JMeterThread: Thread is done: 秒杀用户 1-498
2026-09-07 23:07:59,539 INFO o.a.j.t.JMeterThread: Thread finished: 秒杀用户 1-498
2026-09-07 23:07:59,548 INFO o.a.j.t.JMeterThread: Thread started: 秒杀用户 1-504
2026-09-07 23:07:59,561 INFO o.a.j.t.JMeterThread: Thread is done: 秒杀用户 1-499
2026-09-07 23:07:59,561 INFO o.a.j.t.JMeterThread: Thread finished: 秒杀用户 1-499
2026-09-07 23:07:59,568 INFO o.a.j.t.JMeterThread: Thread started: 秒杀用户 1-505
2026-09-07 23:07:59,579 INFO o.a.j.t.JMeterThread: Thread is done: 秒杀用户 1-500
2026-09-07 23:07:59,579 INFO o.a.j.t.JMeterThread: Thread finished: 秒杀用户 1-500
2026-09-07 23:07:59,589 INFO o.a.j.t.JMeterThread: Thread started: 秒杀用户 1-506
2026-09-07 23:07:59,599 INFO o.a.j.t.JMeterThread: Thread is done: 秒杀用户 1-501
2026-09-07 23:07:59,599 INFO o.a.j.t.JMeterThread: Thread finished: 秒杀用户 1-501
2026-09-07 23:07:59,608 INFO o.a.j.t.JMeterThread: Thread started: 秒杀用户 1-507
2026-09-07 23:07:59,621 INFO o.a.j.t.JMeterThread: Thread is done: 秒杀用户 1-502
2026-09-07 23:07:59,621 INFO o.a.j.t.JMeterThread: Thread finished: 秒杀用户 1-502
2026-09-07 23:07:59,629 INFO o.a.j.t.JMeterThread: Thread started: 秒杀用户 1-508
2026-09-07 23:07:59,641 INFO o.a.j.t.JMeterThread: Thread is done: 秒杀用户 1-503
2026-09-07 23:07:59,641 INFO o.a.j.t.JMeterThread: Thread finished: 秒杀用户 1-503
2026-09-07 23:07:59,650 INFO o.a.j.t.JMeterThread: Thread started: 秒杀用户 1-509
2026-09-07 23:07:59,659 INFO o.a.j.t.JMeterThread: Thread is done: 秒杀用户 1-504
2026-09-07 23:07:59,660 INFO o.a.j.t.JMeterThread: Thread finished: 秒杀用户 1-504
2026-09-07 23:07:59,670 INFO o.a.j.t.JMeterThread: Thread started: 秒杀用户 1-510
2026-09-07 23:07:59,679 INFO o.a.j.t.JMeterThread: Thread is done: 秒杀用户 1-505
2026-09-07 23:07:59,679 INFO o.a.j.t.JMeterThread: Thread finished: 秒杀用户 1-505
2026-09-07 23:07:59,689 INFO o.a.j.t.JMeterThread: Thread started: 秒杀用户 1-511
2026-09-07 23:07:59,700 INFO o.a.j.t.JMeterThread: Thread is done: 秒杀用户 1-506
2026-09-07 23:07:59,700 INFO o.a.j.t.JMeterThread: Thread finished: 秒杀用户 1-506
2026-09-07 23:07:59,710 INFO o.a.j.t.JMeterThread: Thread started: 秒杀用户 1-512
2026-09-07 23:07:59,718 INFO o.a.j.t.JMeterThread: Thread is done: 秒杀用户 1-507
2026-09-07 23:07:59,718 INFO o.a.j.t.JMeterThread: Thread finished: 秒杀用户 1-507
2026-09-07 23:07:59,729 INFO o.a.j.t.JMeterThread: Thread started: 秒杀用户 1-513
2026-09-07 23:07:59,741 INFO o.a.j.t.JMeterThread: Thread is done: 秒杀用户 1-508
2026-09-07 23:07:59,741 INFO o.a.j.t.JMeterThread: Thread finished: 秒杀用户 1-508
2026-09-07 23:07:59,750 INFO o.a.j.t.JMeterThread: Thread started: 秒杀用户 1-514
2026-09-07 23:07:59,761 INFO o.a.j.t.JMeterThread: Thread is done: 秒杀用户 1-509
2026-09-07 23:07:59,761 INFO o.a.j.t.JMeterThread: Thread finished: 秒杀用户 1-509
2026-09-07 23:07:59,769 INFO o.a.j.t.JMeterThread: Thread started: 秒杀用户 1-515
2026-09-07 23:07:59,780 INFO o.a.j.t.JMeterThread: Thread is done: 秒杀用户 1-510
2026-09-07 23:07:59,780 INFO o.a.j.t.JMeterThread: Thread finished: 秒杀用户 1-510
2026-09-07 23:07:59,790 INFO o.a.j.t.JMeterThread: Thread started: 秒杀用户 1-516
2026-09-07 23:07:59,799 INFO o.a.j.t.JMeterThread: Thread is done: 秒杀用户 1-511
2026-09-07 23:07:59,799 INFO o.a.j.t.JMeterThread: Thread finished: 秒杀用户 1-511
2026-09-07 23:07:59,809 INFO o.a.j.t.JMeterThread: Thread started: 秒杀用户 1-517
2026-09-07 23:07:59,822 INFO o.a.j.t.JMeterThread: Thread is done: 秒杀用户 1-512
2026-09-07 23:07:59,822 INFO o.a.j.t.JMeterThread: Thread finished: 秒杀用户 1-512
2026-09-07 23:07:59,829 INFO o.a.j.t.JMeterThread: Thread started: 秒杀用户 1-518
2026-09-07 23:07:59,840 INFO o.a.j.t.JMeterThread: Thread is done: 秒杀用户 1-513
2026-09-07 23:07:59,840 INFO o.a.j.t.JMeterThread: Thread finished: 秒杀用户 1-513
2026-09-07 23:07:59,849 INFO o.a.j.t.JMeterThread: Thread started: 秒杀用户 1-519
2026-09-07 23:07:59,859 INFO o.a.j.t.JMeterThread: Thread is done: 秒杀用户 1-514
2026-09-07 23:07:59,859 INFO o.a.j.t.JMeterThread: Thread finished: 秒杀用户 1-514
2026-09-07 23:07:59,869 INFO o.a.j.t.JMeterThread: Thread started: 秒杀用户 1-520
2026-09-07 23:07:59,879 INFO o.a.j.t.JMeterThread: Thread is done: 秒杀用户 1-515
2026-09-07 23:07:59,879 INFO o.a.j.t.JMeterThread: Thread finished: 秒杀用户 1-515
2026-09-07 23:07:59,890 INFO o.a.j.t.JMeterThread: Thread started: 秒杀用户 1-521
2026-09-07 23:07:59,900 INFO o.a.j.t.JMeterThread: Thread is done: 秒杀用户 1-516
2026-09-07 23:07:59,900 INFO o.a.j.t.JMeterThread: Thread finished: 秒杀用户 1-516
2026-09-07 23:07:59,909 INFO o.a.j.t.JMeterThread: Thread started: 秒杀用户 1-522
2026-09-07 23:07:59,919 INFO o.a.j.t.JMeterThread: Thread is done: 秒杀用户 1-517
2026-09-07 23:07:59,919 INFO o.a.j.t.JMeterThread: Thread finished: 秒杀用户 1-517
2026-09-07 23:07:59,928 INFO o.a.j.t.JMeterThread: Thread started: 秒杀用户 1-523
2026-09-07 23:07:59,939 INFO o.a.j.t.JMeterThread: Thread is done: 秒杀用户 1-518
2026-09-07 23:07:59,939 INFO o.a.j.t.JMeterThread: Thread finished: 秒杀用户 1-518
2026-09-07 23:07:59,949 INFO o.a.j.t.JMeterThread: Thread started: 秒杀用户 1-524
2026-09-07 23:07:59,957 INFO o.a.j.t.JMeterThread: Thread is done: 秒杀用户 1-519
2026-09-07 23:07:59,957 INFO o.a.j.t.JMeterThread: Thread finished: 秒杀用户 1-519
2026-09-07 23:07:59,970 INFO o.a.j.t.JMeterThread: Thread started: 秒杀用户 1-525
2026-09-07 23:07:59,979 INFO o.a.j.t.JMeterThread: Thread is done: 秒杀用户 1-520
2026-09-07 23:07:59,979 INFO o.a.j.t.JMeterThread: Thread finished: 秒杀用户 1-520
2026-09-07 23:07:59,989 INFO o.a.j.t.JMeterThread: Thread started: 秒杀用户 1-526
2026-09-07 23:08:00,000 INFO o.a.j.t.JMeterThread: Thread is done: 秒杀用户 1-521
2026-09-07 23:08:00,000 INFO o.a.j.t.JMeterThread: Thread finished: 秒杀用户 1-521
2026-09-07 23:08:00,009 INFO o.a.j.t.JMeterThread: Thread started: 秒杀用户 1-527
2026-09-07 23:08:00,020 INFO o.a.j.t.JMeterThread: Thread is done: 秒杀用户 1-522
2026-09-07 23:08:00,020 INFO o.a.j.t.JMeterThread: Thread finished: 秒杀用户 1-522
2026-09-07 23:08:00,030 INFO o.a.j.t.JMeterThread: Thread started: 秒杀用户 1-528
2026-09-07 23:08:00,038 INFO o.a.j.t.JMeterThread: Thread is done: 秒杀用户 1-523
2026-09-07 23:08:00,038 INFO o.a.j.t.JMeterThread: Thread finished: 秒杀用户 1-523
2026-09-07 23:08:00,048 INFO o.a.j.t.JMeterThread: Thread started: 秒杀用户 1-529
2026-09-07 23:08:00,059 INFO o.a.j.t.JMeterThread: Thread is done: 秒杀用户 1-524
2026-09-07 23:08:00,059 INFO o.a.j.t.JMeterThread: Thread finished: 秒杀用户 1-524
2026-09-07 23:08:00,069 INFO o.a.j.t.JMeterThread: Thread started: 秒杀用户 1-530
2026-09-07 23:08:00,079 INFO o.a.j.t.JMeterThread: Thread is done: 秒杀用户 1-525
2026-09-07 23:08:00,079 INFO o.a.j.t.JMeterThread: Thread finished: 秒杀用户 1-525
2026-09-07 23:08:00,088 INFO o.a.j.t.JMeterThread: Thread started: 秒杀用户 1-531
2026-09-07 23:08:00,100 INFO o.a.j.t.JMeterThread: Thread is done: 秒杀用户 1-526
2026-09-07 23:08:00,100 INFO o.a.j.t.JMeterThread: Thread finished: 秒杀用户 1-526
2026-09-07 23:08:00,110 INFO o.a.j.t.JMeterThread: Thread started: 秒杀用户 1-532
2026-09-07 23:08:00,121 INFO o.a.j.t.JMeterThread: Thread is done: 秒杀用户 1-527
2026-09-07 23:08:00,121 INFO o.a.j.t.JMeterThread: Thread finished: 秒杀用户 1-527
2026-09-07 23:08:00,130 INFO o.a.j.t.JMeterThread: Thread started: 秒杀用户 1-533
2026-09-07 23:08:00,139 INFO o.a.j.t.JMeterThread: Thread is done: 秒杀用户 1-528
2026-09-07 23:08:00,139 INFO o.a.j.t.JMeterThread: Thread finished: 秒杀用户 1-528
2026-09-07 23:08:00,150 INFO o.a.j.t.JMeterThread: Thread started: 秒杀用户 1-534
2026-09-07 23:08:00,157 INFO o.a.j.t.JMeterThread: Thread is done: 秒杀用户 1-529
2026-09-07 23:08:00,158 INFO o.a.j.t.JMeterThread: Thread finished: 秒杀用户 1-529
2026-09-07 23:08:00,170 INFO o.a.j.t.JMeterThread: Thread started: 秒杀用户 1-535
2026-09-07 23:08:00,178 INFO o.a.j.t.JMeterThread: Thread is done: 秒杀用户 1-530
2026-09-07 23:08:00,178 INFO o.a.j.t.JMeterThread: Thread finished: 秒杀用户 1-530
2026-09-07 23:08:00,189 INFO o.a.j.t.JMeterThread: Thread started: 秒杀用户 1-536
2026-09-07 23:08:00,197 INFO o.a.j.t.JMeterThread: Thread is done: 秒杀用户 1-531
2026-09-07 23:08:00,197 INFO o.a.j.t.JMeterThread: Thread finished: 秒杀用户 1-531
2026-09-07 23:08:00,209 INFO o.a.j.t.JMeterThread: Thread started: 秒杀用户 1-537
2026-09-07 23:08:00,220 INFO o.a.j.t.JMeterThread: Thread is done: 秒杀用户 1-532
2026-09-07 23:08:00,220 INFO o.a.j.t.JMeterThread: Thread finished: 秒杀用户 1-532
2026-09-07 23:08:00,230 INFO o.a.j.t.JMeterThread: Thread started: 秒杀用户 1-538
2026-09-07 23:08:00,240 INFO o.a.j.t.JMeterThread: Thread is done: 秒杀用户 1-533
2026-09-07 23:08:00,240 INFO o.a.j.t.JMeterThread: Thread finished: 秒杀用户 1-533
2026-09-07 23:08:00,248 INFO o.a.j.t.JMeterThread: Thread started: 秒杀用户 1-539
2026-09-07 23:08:00,261 INFO o.a.j.t.JMeterThread: Thread is done: 秒杀用户 1-534
2026-09-07 23:08:00,261 INFO o.a.j.t.JMeterThread: Thread finished: 秒杀用户 1-534
2026-09-07 23:08:00,269 INFO o.a.j.t.JMeterThread: Thread started: 秒杀用户 1-540
2026-09-07 23:08:00,280 INFO o.a.j.t.JMeterThread: Thread is done: 秒杀用户 1-535
2026-09-07 23:08:00,280 INFO o.a.j.t.JMeterThread: Thread finished: 秒杀用户 1-535
2026-09-07 23:08:00,288 INFO o.a.j.t.JMeterThread: Thread started: 秒杀用户 1-541
2026-09-07 23:08:00,298 INFO o.a.j.t.JMeterThread: Thread is done: 秒杀用户 1-536
2026-09-07 23:08:00,298 INFO o.a.j.t.JMeterThread: Thread finished: 秒杀用户 1-536
2026-09-07 23:08:00,309 INFO o.a.j.t.JMeterThread: Thread started: 秒杀用户 1-542
2026-09-07 23:08:00,319 INFO o.a.j.t.JMeterThread: Thread is done: 秒杀用户 1-537
2026-09-07 23:08:00,319 INFO o.a.j.t.JMeterThread: Thread finished: 秒杀用户 1-537
2026-09-07 23:08:00,329 INFO o.a.j.t.JMeterThread: Thread started: 秒杀用户 1-543
2026-09-07 23:08:00,340 INFO o.a.j.t.JMeterThread: Thread is done: 秒杀用户 1-538
2026-09-07 23:08:00,340 INFO o.a.j.t.JMeterThread: Thread finished: 秒杀用户 1-538
2026-09-07 23:08:00,350 INFO o.a.j.t.JMeterThread: Thread started: 秒杀用户 1-544
2026-09-07 23:08:00,358 INFO o.a.j.t.JMeterThread: Thread is done: 秒杀用户 1-539
2026-09-07 23:08:00,358 INFO o.a.j.t.JMeterThread: Thread finished: 秒杀用户 1-539
2026-09-07 23:08:00,370 INFO o.a.j.t.JMeterThread: Thread started: 秒杀用户 1-545
2026-09-07 23:08:00,379 INFO o.a.j.t.JMeterThread: Thread is done: 秒杀用户 1-540
2026-09-07 23:08:00,380 INFO o.a.j.t.JMeterThread: Thread finished: 秒杀用户 1-540
2026-09-07 23:08:00,390 INFO o.a.j.t.JMeterThread: Thread started: 秒杀用户 1-546
2026-09-07 23:08:00,397 INFO o.a.j.t.JMeterThread: Thread is done: 秒杀用户 1-541
2026-09-07 23:08:00,397 INFO o.a.j.t.JMeterThread: Thread finished: 秒杀用户 1-541
2026-09-07 23:08:00,411 INFO o.a.j.t.JMeterThread: Thread started: 秒杀用户 1-547
2026-09-07 23:08:00,420 INFO o.a.j.t.JMeterThread: Thread is done: 秒杀用户 1-542
2026-09-07 23:08:00,420 INFO o.a.j.t.JMeterThread: Thread finished: 秒杀用户 1-542
2026-09-07 23:08:00,430 INFO o.a.j.t.JMeterThread: Thread started: 秒杀用户 1-548
2026-09-07 23:08:00,441 INFO o.a.j.t.JMeterThread: Thread is done: 秒杀用户 1-543
2026-09-07 23:08:00,441 INFO o.a.j.t.JMeterThread: Thread finished: 秒杀用户 1-543
2026-09-07 23:08:00,449 INFO o.a.j.t.JMeterThread: Thread started: 秒杀用户 1-549
2026-09-07 23:08:00,459 INFO o.a.j.t.JMeterThread: Thread is done: 秒杀用户 1-544
2026-09-07 23:08:00,459 INFO o.a.j.t.JMeterThread: Thread finished: 秒杀用户 1-544
2026-09-07 23:08:00,468 INFO o.a.j.t.JMeterThread: Thread started: 秒杀用户 1-550
2026-09-07 23:08:00,480 INFO o.a.j.t.JMeterThread: Thread is done: 秒杀用户 1-545
2026-09-07 23:08:00,480 INFO o.a.j.t.JMeterThread: Thread finished: 秒杀用户 1-545
2026-09-07 23:08:00,489 INFO o.a.j.t.JMeterThread: Thread started: 秒杀用户 1-551
2026-09-07 23:08:00,501 INFO o.a.j.t.JMeterThread: Thread is done: 秒杀用户 1-546
2026-09-07 23:08:00,501 INFO o.a.j.t.JMeterThread: Thread finished: 秒杀用户 1-546
2026-09-07 23:08:00,509 INFO o.a.j.t.JMeterThread: Thread started: 秒杀用户 1-552
2026-09-07 23:08:00,521 INFO o.a.j.t.JMeterThread: Thread is done: 秒杀用户 1-547
2026-09-07 23:08:00,521 INFO o.a.j.t.JMeterThread: Thread finished: 秒杀用户 1-547
2026-09-07 23:08:00,529 INFO o.a.j.t.JMeterThread: Thread started: 秒杀用户 1-553
2026-09-07 23:08:00,539 INFO o.a.j.t.JMeterThread: Thread is done: 秒杀用户 1-548
2026-09-07 23:08:00,539 INFO o.a.j.t.JMeterThread: Thread finished: 秒杀用户 1-548
2026-09-07 23:08:00,550 INFO o.a.j.t.JMeterThread: Thread started: 秒杀用户 1-554
2026-09-07 23:08:00,557 INFO o.a.j.t.JMeterThread: Thread is done: 秒杀用户 1-549
2026-09-07 23:08:00,557 INFO o.a.j.t.JMeterThread: Thread finished: 秒杀用户 1-549
2026-09-07 23:08:00,569 INFO o.a.j.t.JMeterThread: Thread started: 秒杀用户 1-555
2026-09-07 23:08:00,579 INFO o.a.j.t.JMeterThread: Thread is done: 秒杀用户 1-550
2026-09-07 23:08:00,579 INFO o.a.j.t.JMeterThread: Thread finished: 秒杀用户 1-550
2026-09-07 23:08:00,589 INFO o.a.j.t.JMeterThread: Thread started: 秒杀用户 1-556
2026-09-07 23:08:00,600 INFO o.a.j.t.JMeterThread: Thread is done: 秒杀用户 1-551
2026-09-07 23:08:00,600 INFO o.a.j.t.JMeterThread: Thread finished: 秒杀用户 1-551
2026-09-07 23:08:00,610 INFO o.a.j.t.JMeterThread: Thread started: 秒杀用户 1-557
2026-09-07 23:08:00,620 INFO o.a.j.t.JMeterThread: Thread is done: 秒杀用户 1-552
2026-09-07 23:08:00,620 INFO o.a.j.t.JMeterThread: Thread finished: 秒杀用户 1-552
2026-09-07 23:08:00,628 INFO o.a.j.t.JMeterThread: Thread started: 秒杀用户 1-558
2026-09-07 23:08:00,639 INFO o.a.j.t.JMeterThread: Thread is done: 秒杀用户 1-553
2026-09-07 23:08:00,639 INFO o.a.j.t.JMeterThread: Thread finished: 秒杀用户 1-553
2026-09-07 23:08:00,649 INFO o.a.j.t.JMeterThread: Thread started: 秒杀用户 1-559
2026-09-07 23:08:00,659 INFO o.a.j.t.JMeterThread: Thread is done: 秒杀用户 1-554
2026-09-07 23:08:00,659 INFO o.a.j.t.JMeterThread: Thread finished: 秒杀用户 1-554
2026-09-07 23:08:00,670 INFO o.a.j.t.JMeterThread: Thread started: 秒杀用户 1-560
2026-09-07 23:08:00,678 INFO o.a.j.t.JMeterThread: Thread is done: 秒杀用户 1-555
2026-09-07 23:08:00,678 INFO o.a.j.t.JMeterThread: Thread finished: 秒杀用户 1-555
2026-09-07 23:08:00,690 INFO o.a.j.t.JMeterThread: Thread started: 秒杀用户 1-561
2026-09-07 23:08:00,699 INFO o.a.j.t.JMeterThread: Thread is done: 秒杀用户 1-556
2026-09-07 23:08:00,699 INFO o.a.j.t.JMeterThread: Thread finished: 秒杀用户 1-556
2026-09-07 23:08:00,709 INFO o.a.j.t.JMeterThread: Thread started: 秒杀用户 1-562
2026-09-07 23:08:00,720 INFO o.a.j.t.JMeterThread: Thread is done: 秒杀用户 1-557
2026-09-07 23:08:00,720 INFO o.a.j.t.JMeterThread: Thread finished: 秒杀用户 1-557
2026-09-07 23:08:00,730 INFO o.a.j.t.JMeterThread: Thread started: 秒杀用户 1-563
2026-09-07 23:08:00,738 INFO o.a.j.t.JMeterThread: Thread is done: 秒杀用户 1-558
2026-09-07 23:08:00,738 INFO o.a.j.t.JMeterThread: Thread finished: 秒杀用户 1-558
2026-09-07 23:08:00,749 INFO o.a.j.t.JMeterThread: Thread started: 秒杀用户 1-564
2026-09-07 23:08:00,760 INFO o.a.j.t.JMeterThread: Thread is done: 秒杀用户 1-559
2026-09-07 23:08:00,760 INFO o.a.j.t.JMeterThread: Thread finished: 秒杀用户 1-559
2026-09-07 23:08:00,768 INFO o.a.j.t.JMeterThread: Thread started: 秒杀用户 1-565
2026-09-07 23:08:00,780 INFO o.a.j.t.JMeterThread: Thread is done: 秒杀用户 1-560
2026-09-07 23:08:00,780 INFO o.a.j.t.JMeterThread: Thread finished: 秒杀用户 1-560
2026-09-07 23:08:00,788 INFO o.a.j.t.JMeterThread: Thread started: 秒杀用户 1-566
2026-09-07 23:08:00,800 INFO o.a.j.t.JMeterThread: Thread is done: 秒杀用户 1-561
2026-09-07 23:08:00,800 INFO o.a.j.t.JMeterThread: Thread finished: 秒杀用户 1-561
2026-09-07 23:08:00,809 INFO o.a.j.t.JMeterThread: Thread started: 秒杀用户 1-567
2026-09-07 23:08:00,817 INFO o.a.j.t.JMeterThread: Thread is done: 秒杀用户 1-562
2026-09-07 23:08:00,817 INFO o.a.j.t.JMeterThread: Thread finished: 秒杀用户 1-562
2026-09-07 23:08:00,828 INFO o.a.j.t.JMeterThread: Thread started: 秒杀用户 1-568
2026-09-07 23:08:00,839 INFO o.a.j.t.JMeterThread: Thread is done: 秒杀用户 1-563
2026-09-07 23:08:00,839 INFO o.a.j.t.JMeterThread: Thread finished: 秒杀用户 1-563
2026-09-07 23:08:00,848 INFO o.a.j.t.JMeterThread: Thread started: 秒杀用户 1-569
2026-09-07 23:08:00,859 INFO o.a.j.t.JMeterThread: Thread is done: 秒杀用户 1-564
2026-09-07 23:08:00,859 INFO o.a.j.t.JMeterThread: Thread finished: 秒杀用户 1-564
2026-09-07 23:08:00,870 INFO o.a.j.t.JMeterThread: Thread started: 秒杀用户 1-570
2026-09-07 23:08:00,878 INFO o.a.j.t.JMeterThread: Thread is done: 秒杀用户 1-565
2026-09-07 23:08:00,878 INFO o.a.j.t.JMeterThread: Thread finished: 秒杀用户 1-565
2026-09-07 23:08:00,889 INFO o.a.j.t.JMeterThread: Thread started: 秒杀用户 1-571
2026-09-07 23:08:00,898 INFO o.a.j.t.JMeterThread: Thread is done: 秒杀用户 1-566
2026-09-07 23:08:00,898 INFO o.a.j.t.JMeterThread: Thread finished: 秒杀用户 1-566
2026-09-07 23:08:00,908 INFO o.a.j.t.JMeterThread: Thread started: 秒杀用户 1-572
2026-09-07 23:08:00,919 INFO o.a.j.t.JMeterThread: Thread is done: 秒杀用户 1-567
2026-09-07 23:08:00,919 INFO o.a.j.t.JMeterThread: Thread finished: 秒杀用户 1-567
2026-09-07 23:08:00,930 INFO o.a.j.t.JMeterThread: Thread started: 秒杀用户 1-573
2026-09-07 23:08:00,938 INFO o.a.j.t.JMeterThread: Thread is done: 秒杀用户 1-568
2026-09-07 23:08:00,938 INFO o.a.j.t.JMeterThread: Thread finished: 秒杀用户 1-568
2026-09-07 23:08:00,950 INFO o.a.j.t.JMeterThread: Thread started: 秒杀用户 1-574
2026-09-07 23:08:00,959 INFO o.a.j.t.JMeterThread: Thread is done: 秒杀用户 1-569
2026-09-07 23:08:00,959 INFO o.a.j.t.JMeterThread: Thread finished: 秒杀用户 1-569
2026-09-07 23:08:00,968 INFO o.a.j.t.JMeterThread: Thread started: 秒杀用户 1-575
2026-09-07 23:08:00,979 INFO o.a.j.t.JMeterThread: Thread is done: 秒杀用户 1-570
2026-09-07 23:08:00,979 INFO o.a.j.t.JMeterThread: Thread finished: 秒杀用户 1-570
2026-09-07 23:08:00,988 INFO o.a.j.t.JMeterThread: Thread started: 秒杀用户 1-576
2026-09-07 23:08:00,998 INFO o.a.j.t.JMeterThread: Thread is done: 秒杀用户 1-571
2026-09-07 23:08:00,998 INFO o.a.j.t.JMeterThread: Thread finished: 秒杀用户 1-571
2026-09-07 23:08:01,010 INFO o.a.j.t.JMeterThread: Thread started: 秒杀用户 1-577
2026-09-07 23:08:01,017 INFO o.a.j.t.JMeterThread: Thread is done: 秒杀用户 1-572
2026-09-07 23:08:01,017 INFO o.a.j.t.JMeterThread: Thread finished: 秒杀用户 1-572
2026-09-07 23:08:01,028 INFO o.a.j.t.JMeterThread: Thread started: 秒杀用户 1-578
2026-09-07 23:08:01,043 INFO o.a.j.t.JMeterThread: Thread is done: 秒杀用户 1-573
2026-09-07 23:08:01,043 INFO o.a.j.t.JMeterThread: Thread finished: 秒杀用户 1-573
2026-09-07 23:08:01,048 INFO o.a.j.t.JMeterThread: Thread started: 秒杀用户 1-579
2026-09-07 23:08:01,060 INFO o.a.j.t.JMeterThread: Thread is done: 秒杀用户 1-574
2026-09-07 23:08:01,060 INFO o.a.j.t.JMeterThread: Thread finished: 秒杀用户 1-574
2026-09-07 23:08:01,068 INFO o.a.j.t.JMeterThread: Thread started: 秒杀用户 1-580
2026-09-07 23:08:01,079 INFO o.a.j.t.JMeterThread: Thread is done: 秒杀用户 1-575
2026-09-07 23:08:01,079 INFO o.a.j.t.JMeterThread: Thread finished: 秒杀用户 1-575
2026-09-07 23:08:01,089 INFO o.a.j.t.JMeterThread: Thread started: 秒杀用户 1-581
2026-09-07 23:08:01,098 INFO o.a.j.t.JMeterThread: Thread is done: 秒杀用户 1-576
2026-09-07 23:08:01,098 INFO o.a.j.t.JMeterThread: Thread finished: 秒杀用户 1-576
2026-09-07 23:08:01,110 INFO o.a.j.t.JMeterThread: Thread started: 秒杀用户 1-582
2026-09-07 23:08:01,121 INFO o.a.j.t.JMeterThread: Thread is done: 秒杀用户 1-577
2026-09-07 23:08:01,121 INFO o.a.j.t.JMeterThread: Thread finished: 秒杀用户 1-577
2026-09-07 23:08:01,129 INFO o.a.j.t.JMeterThread: Thread started: 秒杀用户 1-583
2026-09-07 23:08:01,137 INFO o.a.j.t.JMeterThread: Thread is done: 秒杀用户 1-578
2026-09-07 23:08:01,137 INFO o.a.j.t.JMeterThread: Thread finished: 秒杀用户 1-578
2026-09-07 23:08:01,149 INFO o.a.j.t.JMeterThread: Thread started: 秒杀用户 1-584
2026-09-07 23:08:01,158 INFO o.a.j.t.JMeterThread: Thread is done: 秒杀用户 1-579
2026-09-07 23:08:01,158 INFO o.a.j.t.JMeterThread: Thread finished: 秒杀用户 1-579
2026-09-07 23:08:01,169 INFO o.a.j.t.JMeterThread: Thread started: 秒杀用户 1-585
2026-09-07 23:08:01,180 INFO o.a.j.t.JMeterThread: Thread is done: 秒杀用户 1-580
2026-09-07 23:08:01,180 INFO o.a.j.t.JMeterThread: Thread finished: 秒杀用户 1-580
2026-09-07 23:08:01,188 INFO o.a.j.t.JMeterThread: Thread started: 秒杀用户 1-586
2026-09-07 23:08:01,200 INFO o.a.j.t.JMeterThread: Thread is done: 秒杀用户 1-581
2026-09-07 23:08:01,200 INFO o.a.j.t.JMeterThread: Thread finished: 秒杀用户 1-581
2026-09-07 23:08:01,209 INFO o.a.j.t.JMeterThread: Thread started: 秒杀用户 1-587
2026-09-07 23:08:01,220 INFO o.a.j.t.JMeterThread: Thread is done: 秒杀用户 1-582
2026-09-07 23:08:01,220 INFO o.a.j.t.JMeterThread: Thread finished: 秒杀用户 1-582
2026-09-07 23:08:01,229 INFO o.a.j.t.JMeterThread: Thread started: 秒杀用户 1-588
2026-09-07 23:08:01,238 INFO o.a.j.t.JMeterThread: Thread is done: 秒杀用户 1-583
2026-09-07 23:08:01,238 INFO o.a.j.t.JMeterThread: Thread finished: 秒杀用户 1-583
2026-09-07 23:08:01,248 INFO o.a.j.t.JMeterThread: Thread started: 秒杀用户 1-589
2026-09-07 23:08:01,258 INFO o.a.j.t.JMeterThread: Thread is done: 秒杀用户 1-584
2026-09-07 23:08:01,258 INFO o.a.j.t.JMeterThread: Thread finished: 秒杀用户 1-584
2026-09-07 23:08:01,269 INFO o.a.j.t.JMeterThread: Thread started: 秒杀用户 1-590
2026-09-07 23:08:01,279 INFO o.a.j.t.JMeterThread: Thread is done: 秒杀用户 1-585
2026-09-07 23:08:01,280 INFO o.a.j.t.JMeterThread: Thread finished: 秒杀用户 1-585
2026-09-07 23:08:01,288 INFO o.a.j.t.JMeterThread: Thread started: 秒杀用户 1-591
2026-09-07 23:08:01,297 INFO o.a.j.t.JMeterThread: Thread is done: 秒杀用户 1-586
2026-09-07 23:08:01,297 INFO o.a.j.t.JMeterThread: Thread finished: 秒杀用户 1-586
2026-09-07 23:08:01,309 INFO o.a.j.t.JMeterThread: Thread started: 秒杀用户 1-592
2026-09-07 23:08:01,320 INFO o.a.j.t.JMeterThread: Thread is done: 秒杀用户 1-587
2026-09-07 23:08:01,320 INFO o.a.j.t.JMeterThread: Thread finished: 秒杀用户 1-587
2026-09-07 23:08:01,328 INFO o.a.j.t.JMeterThread: Thread started: 秒杀用户 1-593
2026-09-07 23:08:01,338 INFO o.a.j.t.JMeterThread: Thread is done: 秒杀用户 1-588
2026-09-07 23:08:01,338 INFO o.a.j.t.JMeterThread: Thread finished: 秒杀用户 1-588
2026-09-07 23:08:01,349 INFO o.a.j.t.JMeterThread: Thread started: 秒杀用户 1-594
2026-09-07 23:08:01,355 INFO o.a.j.t.JMeterThread: Thread is done: 秒杀用户 1-589
2026-09-07 23:08:01,355 INFO o.a.j.t.JMeterThread: Thread finished: 秒杀用户 1-589
2026-09-07 23:08:01,369 INFO o.a.j.t.JMeterThread: Thread started: 秒杀用户 1-595
2026-09-07 23:08:01,377 INFO o.a.j.t.JMeterThread: Thread is done: 秒杀用户 1-590
2026-09-07 23:08:01,377 INFO o.a.j.t.JMeterThread: Thread finished: 秒杀用户 1-590
2026-09-07 23:08:01,389 INFO o.a.j.t.JMeterThread: Thread started: 秒杀用户 1-596
2026-09-07 23:08:01,396 INFO o.a.j.t.JMeterThread: Thread is done: 秒杀用户 1-591
2026-09-07 23:08:01,396 INFO o.a.j.t.JMeterThread: Thread finished: 秒杀用户 1-591
2026-09-07 23:08:01,409 INFO o.a.j.t.JMeterThread: Thread started: 秒杀用户 1-597
2026-09-07 23:08:01,418 INFO o.a.j.t.JMeterThread: Thread is done: 秒杀用户 1-592
2026-09-07 23:08:01,418 INFO o.a.j.t.JMeterThread: Thread finished: 秒杀用户 1-592
2026-09-07 23:08:01,430 INFO o.a.j.t.JMeterThread: Thread started: 秒杀用户 1-598
2026-09-07 23:08:01,437 INFO o.a.j.t.JMeterThread: Thread is done: 秒杀用户 1-593
2026-09-07 23:08:01,438 INFO o.a.j.t.JMeterThread: Thread finished: 秒杀用户 1-593
2026-09-07 23:08:01,448 INFO o.a.j.t.JMeterThread: Thread started: 秒杀用户 1-599
2026-09-07 23:08:01,460 INFO o.a.j.t.JMeterThread: Thread is done: 秒杀用户 1-594
2026-09-07 23:08:01,460 INFO o.a.j.t.JMeterThread: Thread finished: 秒杀用户 1-594
2026-09-07 23:08:01,468 INFO o.a.j.t.JMeterThread: Thread started: 秒杀用户 1-600
2026-09-07 23:08:01,477 INFO o.a.j.t.JMeterThread: Thread is done: 秒杀用户 1-595
2026-09-07 23:08:01,477 INFO o.a.j.t.JMeterThread: Thread finished: 秒杀用户 1-595
2026-09-07 23:08:01,489 INFO o.a.j.t.JMeterThread: Thread started: 秒杀用户 1-601
2026-09-07 23:08:01,497 INFO o.a.j.t.JMeterThread: Thread is done: 秒杀用户 1-596
2026-09-07 23:08:01,497 INFO o.a.j.t.JMeterThread: Thread finished: 秒杀用户 1-596
2026-09-07 23:08:01,508 INFO o.a.j.t.JMeterThread: Thread started: 秒杀用户 1-602
2026-09-07 23:08:01,519 INFO o.a.j.t.JMeterThread: Thread is done: 秒杀用户 1-597
2026-09-07 23:08:01,519 INFO o.a.j.t.JMeterThread: Thread finished: 秒杀用户 1-597
2026-09-07 23:08:01,529 INFO o.a.j.t.JMeterThread: Thread started: 秒杀用户 1-603
2026-09-07 23:08:01,540 INFO o.a.j.t.JMeterThread: Thread is done: 秒杀用户 1-598
2026-09-07 23:08:01,540 INFO o.a.j.t.JMeterThread: Thread finished: 秒杀用户 1-598
2026-09-07 23:08:01,549 INFO o.a.j.t.JMeterThread: Thread started: 秒杀用户 1-604
2026-09-07 23:08:01,557 INFO o.a.j.t.JMeterThread: Thread is done: 秒杀用户 1-599
2026-09-07 23:08:01,557 INFO o.a.j.t.JMeterThread: Thread finished: 秒杀用户 1-599
2026-09-07 23:08:01,570 INFO o.a.j.t.JMeterThread: Thread started: 秒杀用户 1-605
2026-09-07 23:08:01,579 INFO o.a.j.t.JMeterThread: Thread is done: 秒杀用户 1-600
2026-09-07 23:08:01,579 INFO o.a.j.t.JMeterThread: Thread finished: 秒杀用户 1-600
2026-09-07 23:08:01,590 INFO o.a.j.t.JMeterThread: Thread started: 秒杀用户 1-606
2026-09-07 23:08:01,598 INFO o.a.j.t.JMeterThread: Thread is done: 秒杀用户 1-601
2026-09-07 23:08:01,598 INFO o.a.j.t.JMeterThread: Thread finished: 秒杀用户 1-601
2026-09-07 23:08:01,609 INFO o.a.j.t.JMeterThread: Thread started: 秒杀用户 1-607
2026-09-07 23:08:01,619 INFO o.a.j.t.JMeterThread: Thread is done: 秒杀用户 1-602
2026-09-07 23:08:01,619 INFO o.a.j.t.JMeterThread: Thread finished: 秒杀用户 1-602
2026-09-07 23:08:01,628 INFO o.a.j.t.JMeterThread: Thread started: 秒杀用户 1-608
2026-09-07 23:08:01,641 INFO o.a.j.t.JMeterThread: Thread is done: 秒杀用户 1-603
2026-09-07 23:08:01,641 INFO o.a.j.t.JMeterThread: Thread finished: 秒杀用户 1-603
2026-09-07 23:08:01,649 INFO o.a.j.t.JMeterThread: Thread started: 秒杀用户 1-609
2026-09-07 23:08:01,657 INFO o.a.j.t.JMeterThread: Thread is done: 秒杀用户 1-604
2026-09-07 23:08:01,658 INFO o.a.j.t.JMeterThread: Thread finished: 秒杀用户 1-604
2026-09-07 23:08:01,669 INFO o.a.j.t.JMeterThread: Thread started: 秒杀用户 1-610
2026-09-07 23:08:01,680 INFO o.a.j.t.JMeterThread: Thread is done: 秒杀用户 1-605
2026-09-07 23:08:01,680 INFO o.a.j.t.JMeterThread: Thread finished: 秒杀用户 1-605
2026-09-07 23:08:01,688 INFO o.a.j.t.JMeterThread: Thread started: 秒杀用户 1-611
2026-09-07 23:08:01,699 INFO o.a.j.t.JMeterThread: Thread is done: 秒杀用户 1-606
2026-09-07 23:08:01,699 INFO o.a.j.t.JMeterThread: Thread finished: 秒杀用户 1-606
2026-09-07 23:08:01,708 INFO o.a.j.t.JMeterThread: Thread started: 秒杀用户 1-612
2026-09-07 23:08:01,717 INFO o.a.j.t.JMeterThread: Thread is done: 秒杀用户 1-607
2026-09-07 23:08:01,717 INFO o.a.j.t.JMeterThread: Thread finished: 秒杀用户 1-607
2026-09-07 23:08:01,730 INFO o.a.j.t.JMeterThread: Thread started: 秒杀用户 1-613
2026-09-07 23:08:01,737 INFO o.a.j.t.JMeterThread: Thread is done: 秒杀用户 1-608
2026-09-07 23:08:01,737 INFO o.a.j.t.JMeterThread: Thread finished: 秒杀用户 1-608
2026-09-07 23:08:01,749 INFO o.a.j.t.JMeterThread: Thread started: 秒杀用户 1-614
2026-09-07 23:08:01,759 INFO o.a.j.t.JMeterThread: Thread is done: 秒杀用户 1-609
2026-09-07 23:08:01,759 INFO o.a.j.t.JMeterThread: Thread finished: 秒杀用户 1-609
2026-09-07 23:08:01,769 INFO o.a.j.t.JMeterThread: Thread started: 秒杀用户 1-615
2026-09-07 23:08:01,779 INFO o.a.j.t.JMeterThread: Thread is done: 秒杀用户 1-610
2026-09-07 23:08:01,779 INFO o.a.j.t.JMeterThread: Thread finished: 秒杀用户 1-610
2026-09-07 23:08:01,790 INFO o.a.j.t.JMeterThread: Thread started: 秒杀用户 1-616
2026-09-07 23:08:01,796 INFO o.a.j.t.JMeterThread: Thread is done: 秒杀用户 1-611
2026-09-07 23:08:01,796 INFO o.a.j.t.JMeterThread: Thread finished: 秒杀用户 1-611
2026-09-07 23:08:01,810 INFO o.a.j.t.JMeterThread: Thread started: 秒杀用户 1-617
2026-09-07 23:08:01,820 INFO o.a.j.t.JMeterThread: Thread is done: 秒杀用户 1-612
2026-09-07 23:08:01,820 INFO o.a.j.t.JMeterThread: Thread finished: 秒杀用户 1-612
2026-09-07 23:08:01,829 INFO o.a.j.t.JMeterThread: Thread started: 秒杀用户 1-618
2026-09-07 23:08:01,838 INFO o.a.j.t.JMeterThread: Thread is done: 秒杀用户 1-613
2026-09-07 23:08:01,838 INFO o.a.j.t.JMeterThread: Thread finished: 秒杀用户 1-613
2026-09-07 23:08:01,848 INFO o.a.j.t.JMeterThread: Thread started: 秒杀用户 1-619
2026-09-07 23:08:01,859 INFO o.a.j.t.JMeterThread: Thread is done: 秒杀用户 1-614
2026-09-07 23:08:01,859 INFO o.a.j.t.JMeterThread: Thread finished: 秒杀用户 1-614
2026-09-07 23:08:01,870 INFO o.a.j.t.JMeterThread: Thread started: 秒杀用户 1-620
2026-09-07 23:08:01,879 INFO o.a.j.t.JMeterThread: Thread is done: 秒杀用户 1-615
2026-09-07 23:08:01,879 INFO o.a.j.t.JMeterThread: Thread finished: 秒杀用户 1-615
2026-09-07 23:08:01,889 INFO o.a.j.t.JMeterThread: Thread started: 秒杀用户 1-621
2026-09-07 23:08:01,899 INFO o.a.j.t.JMeterThread: Thread is done: 秒杀用户 1-616
2026-09-07 23:08:01,899 INFO o.a.j.t.JMeterThread: Thread finished: 秒杀用户 1-616
2026-09-07 23:08:01,908 INFO o.a.j.t.JMeterThread: Thread started: 秒杀用户 1-622
2026-09-07 23:08:01,919 INFO o.a.j.t.JMeterThread: Thread is done: 秒杀用户 1-617
2026-09-07 23:08:01,919 INFO o.a.j.t.JMeterThread: Thread finished: 秒杀用户 1-617
2026-09-07 23:08:01,928 INFO o.a.j.t.JMeterThread: Thread started: 秒杀用户 1-623
2026-09-07 23:08:01,940 INFO o.a.j.t.JMeterThread: Thread is done: 秒杀用户 1-618
2026-09-07 23:08:01,940 INFO o.a.j.t.JMeterThread: Thread finished: 秒杀用户 1-618
2026-09-07 23:08:01,949 INFO o.a.j.t.JMeterThread: Thread started: 秒杀用户 1-624
2026-09-07 23:08:01,961 INFO o.a.j.t.JMeterThread: Thread is done: 秒杀用户 1-619
2026-09-07 23:08:01,961 INFO o.a.j.t.JMeterThread: Thread finished: 秒杀用户 1-619
2026-09-07 23:08:01,968 INFO o.a.j.t.JMeterThread: Thread started: 秒杀用户 1-625
2026-09-07 23:08:01,980 INFO o.a.j.t.JMeterThread: Thread is done: 秒杀用户 1-620
2026-09-07 23:08:01,980 INFO o.a.j.t.JMeterThread: Thread finished: 秒杀用户 1-620
2026-09-07 23:08:01,989 INFO o.a.j.t.JMeterThread: Thread started: 秒杀用户 1-626
2026-09-07 23:08:01,999 INFO o.a.j.t.JMeterThread: Thread is done: 秒杀用户 1-621
2026-09-07 23:08:01,999 INFO o.a.j.t.JMeterThread: Thread finished: 秒杀用户 1-621
2026-09-07 23:08:02,009 INFO o.a.j.t.JMeterThread: Thread started: 秒杀用户 1-627
2026-09-07 23:08:02,017 INFO o.a.j.t.JMeterThread: Thread is done: 秒杀用户 1-622
2026-09-07 23:08:02,017 INFO o.a.j.t.JMeterThread: Thread finished: 秒杀用户 1-622
2026-09-07 23:08:02,030 INFO o.a.j.t.JMeterThread: Thread started: 秒杀用户 1-628
2026-09-07 23:08:02,038 INFO o.a.j.t.JMeterThread: Thread is done: 秒杀用户 1-623
2026-09-07 23:08:02,038 INFO o.a.j.t.JMeterThread: Thread finished: 秒杀用户 1-623
2026-09-07 23:08:02,049 INFO o.a.j.t.JMeterThread: Thread started: 秒杀用户 1-629
2026-09-07 23:08:02,058 INFO o.a.j.t.JMeterThread: Thread is done: 秒杀用户 1-624
2026-09-07 23:08:02,058 INFO o.a.j.t.JMeterThread: Thread finished: 秒杀用户 1-624
2026-09-07 23:08:02,068 INFO o.a.j.t.JMeterThread: Thread started: 秒杀用户 1-630
2026-09-07 23:08:02,079 INFO o.a.j.t.JMeterThread: Thread is done: 秒杀用户 1-625
2026-09-07 23:08:02,079 INFO o.a.j.t.JMeterThread: Thread finished: 秒杀用户 1-625
2026-09-07 23:08:02,089 INFO o.a.j.t.JMeterThread: Thread started: 秒杀用户 1-631
2026-09-07 23:08:02,099 INFO o.a.j.t.JMeterThread: Thread is done: 秒杀用户 1-626
2026-09-07 23:08:02,100 INFO o.a.j.t.JMeterThread: Thread finished: 秒杀用户 1-626
2026-09-07 23:08:02,109 INFO o.a.j.t.JMeterThread: Thread started: 秒杀用户 1-632
2026-09-07 23:08:02,119 INFO o.a.j.t.JMeterThread: Thread is done: 秒杀用户 1-627
2026-09-07 23:08:02,119 INFO o.a.j.t.JMeterThread: Thread finished: 秒杀用户 1-627
2026-09-07 23:08:02,128 INFO o.a.j.t.JMeterThread: Thread started: 秒杀用户 1-633
2026-09-07 23:08:02,139 INFO o.a.j.t.JMeterThread: Thread is done: 秒杀用户 1-628
2026-09-07 23:08:02,139 INFO o.a.j.t.JMeterThread: Thread finished: 秒杀用户 1-628
2026-09-07 23:08:02,148 INFO o.a.j.t.JMeterThread: Thread started: 秒杀用户 1-634
2026-09-07 23:08:02,158 INFO o.a.j.t.JMeterThread: Thread is done: 秒杀用户 1-629
2026-09-07 23:08:02,158 INFO o.a.j.t.JMeterThread: Thread finished: 秒杀用户 1-629
2026-09-07 23:08:02,171 INFO o.a.j.t.JMeterThread: Thread started: 秒杀用户 1-635
2026-09-07 23:08:02,179 INFO o.a.j.t.JMeterThread: Thread is done: 秒杀用户 1-630
2026-09-07 23:08:02,179 INFO o.a.j.t.JMeterThread: Thread finished: 秒杀用户 1-630
2026-09-07 23:08:02,189 INFO o.a.j.t.JMeterThread: Thread started: 秒杀用户 1-636
2026-09-07 23:08:02,201 INFO o.a.j.t.JMeterThread: Thread is done: 秒杀用户 1-631
2026-09-07 23:08:02,201 INFO o.a.j.t.JMeterThread: Thread finished: 秒杀用户 1-631
2026-09-07 23:08:02,209 INFO o.a.j.t.JMeterThread: Thread started: 秒杀用户 1-637
2026-09-07 23:08:02,220 INFO o.a.j.t.JMeterThread: Thread is done: 秒杀用户 1-632
2026-09-07 23:08:02,220 INFO o.a.j.t.JMeterThread: Thread finished: 秒杀用户 1-632
2026-09-07 23:08:02,228 INFO o.a.j.t.JMeterThread: Thread started: 秒杀用户 1-638
2026-09-07 23:08:02,236 INFO o.a.j.t.JMeterThread: Thread is done: 秒杀用户 1-633
2026-09-07 23:08:02,236 INFO o.a.j.t.JMeterThread: Thread finished: 秒杀用户 1-633
2026-09-07 23:08:02,250 INFO o.a.j.t.JMeterThread: Thread started: 秒杀用户 1-639
2026-09-07 23:08:02,259 INFO o.a.j.t.JMeterThread: Thread is done: 秒杀用户 1-634
2026-09-07 23:08:02,259 INFO o.a.j.t.JMeterThread: Thread finished: 秒杀用户 1-634
2026-09-07 23:08:02,270 INFO o.a.j.t.JMeterThread: Thread started: 秒杀用户 1-640
2026-09-07 23:08:02,281 INFO o.a.j.t.JMeterThread: Thread is done: 秒杀用户 1-635
2026-09-07 23:08:02,281 INFO o.a.j.t.JMeterThread: Thread finished: 秒杀用户 1-635
2026-09-07 23:08:02,290 INFO o.a.j.t.JMeterThread: Thread started: 秒杀用户 1-641
2026-09-07 23:08:02,298 INFO o.a.j.t.JMeterThread: Thread is done: 秒杀用户 1-636
2026-09-07 23:08:02,298 INFO o.a.j.t.JMeterThread: Thread finished: 秒杀用户 1-636
2026-09-07 23:08:02,309 INFO o.a.j.t.JMeterThread: Thread started: 秒杀用户 1-642
2026-09-07 23:08:02,320 INFO o.a.j.t.JMeterThread: Thread is done: 秒杀用户 1-637
2026-09-07 23:08:02,320 INFO o.a.j.t.JMeterThread: Thread finished: 秒杀用户 1-637
2026-09-07 23:08:02,329 INFO o.a.j.t.JMeterThread: Thread started: 秒杀用户 1-643
2026-09-07 23:08:02,337 INFO o.a.j.t.JMeterThread: Thread is done: 秒杀用户 1-638
2026-09-07 23:08:02,337 INFO o.a.j.t.JMeterThread: Thread finished: 秒杀用户 1-638
2026-09-07 23:08:02,350 INFO o.a.j.t.JMeterThread: Thread started: 秒杀用户 1-644
2026-09-07 23:08:02,361 INFO o.a.j.t.JMeterThread: Thread is done: 秒杀用户 1-639
2026-09-07 23:08:02,361 INFO o.a.j.t.JMeterThread: Thread finished: 秒杀用户 1-639
2026-09-07 23:08:02,369 INFO o.a.j.t.JMeterThread: Thread started: 秒杀用户 1-645
2026-09-07 23:08:02,379 INFO o.a.j.t.JMeterThread: Thread is done: 秒杀用户 1-640
2026-09-07 23:08:02,379 INFO o.a.j.t.JMeterThread: Thread finished: 秒杀用户 1-640
2026-09-07 23:08:02,389 INFO o.a.j.t.JMeterThread: Thread started: 秒杀用户 1-646
2026-09-07 23:08:02,399 INFO o.a.j.t.JMeterThread: Thread is done: 秒杀用户 1-641
2026-09-07 23:08:02,400 INFO o.a.j.t.JMeterThread: Thread finished: 秒杀用户 1-641
2026-09-07 23:08:02,409 INFO o.a.j.t.JMeterThread: Thread started: 秒杀用户 1-647
2026-09-07 23:08:02,421 INFO o.a.j.t.JMeterThread: Thread is done: 秒杀用户 1-642
2026-09-07 23:08:02,422 INFO o.a.j.t.JMeterThread: Thread finished: 秒杀用户 1-642
2026-09-07 23:08:02,430 INFO o.a.j.t.JMeterThread: Thread started: 秒杀用户 1-648
2026-09-07 23:08:02,439 INFO o.a.j.t.JMeterThread: Thread is done: 秒杀用户 1-643
2026-09-07 23:08:02,439 INFO o.a.j.t.JMeterThread: Thread finished: 秒杀用户 1-643
2026-09-07 23:08:02,450 INFO o.a.j.t.JMeterThread: Thread started: 秒杀用户 1-649
2026-09-07 23:08:02,462 INFO o.a.j.t.JMeterThread: Thread is done: 秒杀用户 1-644
2026-09-07 23:08:02,462 INFO o.a.j.t.JMeterThread: Thread finished: 秒杀用户 1-644
2026-09-07 23:08:02,469 INFO o.a.j.t.JMeterThread: Thread started: 秒杀用户 1-650
2026-09-07 23:08:02,478 INFO o.a.j.t.JMeterThread: Thread is done: 秒杀用户 1-645
2026-09-07 23:08:02,478 INFO o.a.j.t.JMeterThread: Thread finished: 秒杀用户 1-645
2026-09-07 23:08:02,489 INFO o.a.j.t.JMeterThread: Thread started: 秒杀用户 1-651
2026-09-07 23:08:02,499 INFO o.a.j.t.JMeterThread: Thread is done: 秒杀用户 1-646
2026-09-07 23:08:02,499 INFO o.a.j.t.JMeterThread: Thread finished: 秒杀用户 1-646
2026-09-07 23:08:02,511 INFO o.a.j.t.JMeterThread: Thread started: 秒杀用户 1-652
2026-09-07 23:08:02,524 INFO o.a.j.t.JMeterThread: Thread is done: 秒杀用户 1-647
2026-09-07 23:08:02,524 INFO o.a.j.t.JMeterThread: Thread finished: 秒杀用户 1-647
2026-09-07 23:08:02,531 INFO o.a.j.t.JMeterThread: Thread started: 秒杀用户 1-653
2026-09-07 23:08:02,541 INFO o.a.j.t.JMeterThread: Thread is done: 秒杀用户 1-648
2026-09-07 23:08:02,541 INFO o.a.j.t.JMeterThread: Thread finished: 秒杀用户 1-648
2026-09-07 23:08:02,549 INFO o.a.j.t.JMeterThread: Thread started: 秒杀用户 1-654
2026-09-07 23:08:02,562 INFO o.a.j.t.JMeterThread: Thread is done: 秒杀用户 1-649
2026-09-07 23:08:02,562 INFO o.a.j.t.JMeterThread: Thread finished: 秒杀用户 1-649
2026-09-07 23:08:02,569 INFO o.a.j.t.JMeterThread: Thread started: 秒杀用户 1-655
2026-09-07 23:08:02,580 INFO o.a.j.t.JMeterThread: Thread is done: 秒杀用户 1-650
2026-09-07 23:08:02,580 INFO o.a.j.t.JMeterThread: Thread finished: 秒杀用户 1-650
2026-09-07 23:08:02,590 INFO o.a.j.t.JMeterThread: Thread started: 秒杀用户 1-656
2026-09-07 23:08:02,600 INFO o.a.j.t.JMeterThread: Thread is done: 秒杀用户 1-651
2026-09-07 23:08:02,601 INFO o.a.j.t.JMeterThread: Thread finished: 秒杀用户 1-651
2026-09-07 23:08:02,608 INFO o.a.j.t.JMeterThread: Thread started: 秒杀用户 1-657
2026-09-07 23:08:02,621 INFO o.a.j.t.JMeterThread: Thread is done: 秒杀用户 1-652
2026-09-07 23:08:02,621 INFO o.a.j.t.JMeterThread: Thread finished: 秒杀用户 1-652
2026-09-07 23:08:02,629 INFO o.a.j.t.JMeterThread: Thread started: 秒杀用户 1-658
2026-09-07 23:08:02,644 INFO o.a.j.t.JMeterThread: Thread is done: 秒杀用户 1-653
2026-09-07 23:08:02,644 INFO o.a.j.t.JMeterThread: Thread finished: 秒杀用户 1-653
2026-09-07 23:08:02,649 INFO o.a.j.t.JMeterThread: Thread started: 秒杀用户 1-659
2026-09-07 23:08:02,661 INFO o.a.j.t.JMeterThread: Thread is done: 秒杀用户 1-654
2026-09-07 23:08:02,661 INFO o.a.j.t.JMeterThread: Thread finished: 秒杀用户 1-654
2026-09-07 23:08:02,669 INFO o.a.j.t.JMeterThread: Thread started: 秒杀用户 1-660
2026-09-07 23:08:02,681 INFO o.a.j.t.JMeterThread: Thread is done: 秒杀用户 1-655
2026-09-07 23:08:02,681 INFO o.a.j.t.JMeterThread: Thread finished: 秒杀用户 1-655
2026-09-07 23:08:02,688 INFO o.a.j.t.JMeterThread: Thread started: 秒杀用户 1-661
2026-09-07 23:08:02,701 INFO o.a.j.t.JMeterThread: Thread is done: 秒杀用户 1-656
2026-09-07 23:08:02,701 INFO o.a.j.t.JMeterThread: Thread finished: 秒杀用户 1-656
2026-09-07 23:08:02,709 INFO o.a.j.t.JMeterThread: Thread started: 秒杀用户 1-662
2026-09-07 23:08:02,718 INFO o.a.j.t.JMeterThread: Thread is done: 秒杀用户 1-657
2026-09-07 23:08:02,718 INFO o.a.j.t.JMeterThread: Thread finished: 秒杀用户 1-657
2026-09-07 23:08:02,730 INFO o.a.j.t.JMeterThread: Thread started: 秒杀用户 1-663
2026-09-07 23:08:02,739 INFO o.a.j.t.JMeterThread: Thread is done: 秒杀用户 1-658
2026-09-07 23:08:02,739 INFO o.a.j.t.JMeterThread: Thread finished: 秒杀用户 1-658
2026-09-07 23:08:02,748 INFO o.a.j.t.JMeterThread: Thread started: 秒杀用户 1-664
2026-09-07 23:08:02,759 INFO o.a.j.t.JMeterThread: Thread is done: 秒杀用户 1-659
2026-09-07 23:08:02,759 INFO o.a.j.t.JMeterThread: Thread finished: 秒杀用户 1-659
2026-09-07 23:08:02,768 INFO o.a.j.t.JMeterThread: Thread started: 秒杀用户 1-665
2026-09-07 23:08:02,779 INFO o.a.j.t.JMeterThread: Thread is done: 秒杀用户 1-660
2026-09-07 23:08:02,779 INFO o.a.j.t.JMeterThread: Thread finished: 秒杀用户 1-660
2026-09-07 23:08:02,790 INFO o.a.j.t.JMeterThread: Thread started: 秒杀用户 1-666
2026-09-07 23:08:02,798 INFO o.a.j.t.JMeterThread: Thread is done: 秒杀用户 1-661
2026-09-07 23:08:02,798 INFO o.a.j.t.JMeterThread: Thread finished: 秒杀用户 1-661
2026-09-07 23:08:02,809 INFO o.a.j.t.JMeterThread: Thread started: 秒杀用户 1-667
2026-09-07 23:08:02,818 INFO o.a.j.t.JMeterThread: Thread is done: 秒杀用户 1-662
2026-09-07 23:08:02,818 INFO o.a.j.t.JMeterThread: Thread finished: 秒杀用户 1-662
2026-09-07 23:08:02,828 INFO o.a.j.t.JMeterThread: Thread started: 秒杀用户 1-668
2026-09-07 23:08:02,842 INFO o.a.j.t.JMeterThread: Thread is done: 秒杀用户 1-663
2026-09-07 23:08:02,842 INFO o.a.j.t.JMeterThread: Thread finished: 秒杀用户 1-663
2026-09-07 23:08:02,848 INFO o.a.j.t.JMeterThread: Thread started: 秒杀用户 1-669
2026-09-07 23:08:02,860 INFO o.a.j.t.JMeterThread: Thread is done: 秒杀用户 1-664
2026-09-07 23:08:02,860 INFO o.a.j.t.JMeterThread: Thread finished: 秒杀用户 1-664
2026-09-07 23:08:02,869 INFO o.a.j.t.JMeterThread: Thread started: 秒杀用户 1-670
2026-09-07 23:08:02,877 INFO o.a.j.t.JMeterThread: Thread is done: 秒杀用户 1-665
2026-09-07 23:08:02,877 INFO o.a.j.t.JMeterThread: Thread finished: 秒杀用户 1-665
2026-09-07 23:08:02,890 INFO o.a.j.t.JMeterThread: Thread started: 秒杀用户 1-671
2026-09-07 23:08:02,900 INFO o.a.j.t.JMeterThread: Thread is done: 秒杀用户 1-666
2026-09-07 23:08:02,900 INFO o.a.j.t.JMeterThread: Thread finished: 秒杀用户 1-666
2026-09-07 23:08:02,908 INFO o.a.j.t.JMeterThread: Thread started: 秒杀用户 1-672
2026-09-07 23:08:02,920 INFO o.a.j.t.JMeterThread: Thread is done: 秒杀用户 1-667
2026-09-07 23:08:02,920 INFO o.a.j.t.JMeterThread: Thread finished: 秒杀用户 1-667
2026-09-07 23:08:02,928 INFO o.a.j.t.JMeterThread: Thread started: 秒杀用户 1-673
2026-09-07 23:08:02,938 INFO o.a.j.t.JMeterThread: Thread is done: 秒杀用户 1-668
2026-09-07 23:08:02,938 INFO o.a.j.t.JMeterThread: Thread finished: 秒杀用户 1-668
2026-09-07 23:08:02,949 INFO o.a.j.t.JMeterThread: Thread started: 秒杀用户 1-674
2026-09-07 23:08:02,957 INFO o.a.j.t.JMeterThread: Thread is done: 秒杀用户 1-669
2026-09-07 23:08:02,957 INFO o.a.j.t.JMeterThread: Thread finished: 秒杀用户 1-669
2026-09-07 23:08:02,970 INFO o.a.j.t.JMeterThread: Thread started: 秒杀用户 1-675
2026-09-07 23:08:02,980 INFO o.a.j.t.JMeterThread: Thread is done: 秒杀用户 1-670
2026-09-07 23:08:02,980 INFO o.a.j.t.JMeterThread: Thread finished: 秒杀用户 1-670
2026-09-07 23:08:02,989 INFO o.a.j.t.JMeterThread: Thread started: 秒杀用户 1-676
2026-09-07 23:08:03,002 INFO o.a.j.t.JMeterThread: Thread is done: 秒杀用户 1-671
2026-09-07 23:08:03,002 INFO o.a.j.t.JMeterThread: Thread finished: 秒杀用户 1-671
2026-09-07 23:08:03,008 INFO o.a.j.t.JMeterThread: Thread started: 秒杀用户 1-677
2026-09-07 23:08:03,018 INFO o.a.j.t.JMeterThread: Thread is done: 秒杀用户 1-672
2026-09-07 23:08:03,018 INFO o.a.j.t.JMeterThread: Thread finished: 秒杀用户 1-672
2026-09-07 23:08:03,029 INFO o.a.j.t.JMeterThread: Thread started: 秒杀用户 1-678
2026-09-07 23:08:03,038 INFO o.a.j.t.JMeterThread: Thread is done: 秒杀用户 1-673
2026-09-07 23:08:03,039 INFO o.a.j.t.JMeterThread: Thread finished: 秒杀用户 1-673
2026-09-07 23:08:03,048 INFO o.a.j.t.JMeterThread: Thread started: 秒杀用户 1-679
2026-09-07 23:08:03,060 INFO o.a.j.t.JMeterThread: Thread is done: 秒杀用户 1-674
2026-09-07 23:08:03,060 INFO o.a.j.t.JMeterThread: Thread finished: 秒杀用户 1-674
2026-09-07 23:08:03,069 INFO o.a.j.t.JMeterThread: Thread started: 秒杀用户 1-680
2026-09-07 23:08:03,080 INFO o.a.j.t.JMeterThread: Thread is done: 秒杀用户 1-675
2026-09-07 23:08:03,080 INFO o.a.j.t.JMeterThread: Thread finished: 秒杀用户 1-675
2026-09-07 23:08:03,089 INFO o.a.j.t.JMeterThread: Thread started: 秒杀用户 1-681
2026-09-07 23:08:03,099 INFO o.a.j.t.JMeterThread: Thread is done: 秒杀用户 1-676
2026-09-07 23:08:03,099 INFO o.a.j.t.JMeterThread: Thread finished: 秒杀用户 1-676
2026-09-07 23:08:03,110 INFO o.a.j.t.JMeterThread: Thread started: 秒杀用户 1-682
2026-09-07 23:08:03,120 INFO o.a.j.t.JMeterThread: Thread is done: 秒杀用户 1-677
2026-09-07 23:08:03,120 INFO o.a.j.t.JMeterThread: Thread finished: 秒杀用户 1-677
2026-09-07 23:08:03,128 INFO o.a.j.t.JMeterThread: Thread started: 秒杀用户 1-683
2026-09-07 23:08:03,140 INFO o.a.j.t.JMeterThread: Thread is done: 秒杀用户 1-678
2026-09-07 23:08:03,140 INFO o.a.j.t.JMeterThread: Thread finished: 秒杀用户 1-678
2026-09-07 23:08:03,148 INFO o.a.j.t.JMeterThread: Thread started: 秒杀用户 1-684
2026-09-07 23:08:03,157 INFO o.a.j.t.JMeterThread: Thread is done: 秒杀用户 1-679
2026-09-07 23:08:03,157 INFO o.a.j.t.JMeterThread: Thread finished: 秒杀用户 1-679
2026-09-07 23:08:03,169 INFO o.a.j.t.JMeterThread: Thread started: 秒杀用户 1-685
2026-09-07 23:08:03,179 INFO o.a.j.t.JMeterThread: Thread is done: 秒杀用户 1-680
2026-09-07 23:08:03,179 INFO o.a.j.t.JMeterThread: Thread finished: 秒杀用户 1-680
2026-09-07 23:08:03,190 INFO o.a.j.t.JMeterThread: Thread started: 秒杀用户 1-686
2026-09-07 23:08:03,201 INFO o.a.j.t.JMeterThread: Thread is done: 秒杀用户 1-681
2026-09-07 23:08:03,201 INFO o.a.j.t.JMeterThread: Thread finished: 秒杀用户 1-681
2026-09-07 23:08:03,210 INFO o.a.j.t.JMeterThread: Thread started: 秒杀用户 1-687
2026-09-07 23:08:03,220 INFO o.a.j.t.JMeterThread: Thread is done: 秒杀用户 1-682
2026-09-07 23:08:03,220 INFO o.a.j.t.JMeterThread: Thread finished: 秒杀用户 1-682
2026-09-07 23:08:03,228 INFO o.a.j.t.JMeterThread: Thread started: 秒杀用户 1-688
2026-09-07 23:08:03,241 INFO o.a.j.t.JMeterThread: Thread is done: 秒杀用户 1-683
2026-09-07 23:08:03,241 INFO o.a.j.t.JMeterThread: Thread finished: 秒杀用户 1-683
2026-09-07 23:08:03,251 INFO o.a.j.t.JMeterThread: Thread started: 秒杀用户 1-689
2026-09-07 23:08:03,260 INFO o.a.j.t.JMeterThread: Thread is done: 秒杀用户 1-684
2026-09-07 23:08:03,260 INFO o.a.j.t.JMeterThread: Thread finished: 秒杀用户 1-684
2026-09-07 23:08:03,268 INFO o.a.j.t.JMeterThread: Thread started: 秒杀用户 1-690
2026-09-07 23:08:03,278 INFO o.a.j.t.JMeterThread: Thread is done: 秒杀用户 1-685
2026-09-07 23:08:03,278 INFO o.a.j.t.JMeterThread: Thread finished: 秒杀用户 1-685
2026-09-07 23:08:03,289 INFO o.a.j.t.JMeterThread: Thread started: 秒杀用户 1-691
2026-09-07 23:08:03,300 INFO o.a.j.t.JMeterThread: Thread is done: 秒杀用户 1-686
2026-09-07 23:08:03,300 INFO o.a.j.t.JMeterThread: Thread finished: 秒杀用户 1-686
2026-09-07 23:08:03,310 INFO o.a.j.t.JMeterThread: Thread started: 秒杀用户 1-692
2026-09-07 23:08:03,322 INFO o.a.j.t.JMeterThread: Thread is done: 秒杀用户 1-687
2026-09-07 23:08:03,322 INFO o.a.j.t.JMeterThread: Thread finished: 秒杀用户 1-687
2026-09-07 23:08:03,330 INFO o.a.j.t.JMeterThread: Thread started: 秒杀用户 1-693
2026-09-07 23:08:03,338 INFO o.a.j.t.JMeterThread: Thread is done: 秒杀用户 1-688
2026-09-07 23:08:03,338 INFO o.a.j.t.JMeterThread: Thread finished: 秒杀用户 1-688
2026-09-07 23:08:03,349 INFO o.a.j.t.JMeterThread: Thread started: 秒杀用户 1-694
2026-09-07 23:08:03,360 INFO o.a.j.t.JMeterThread: Thread is done: 秒杀用户 1-689
2026-09-07 23:08:03,361 INFO o.a.j.t.JMeterThread: Thread finished: 秒杀用户 1-689
2026-09-07 23:08:03,369 INFO o.a.j.t.JMeterThread: Thread started: 秒杀用户 1-695
2026-09-07 23:08:03,378 INFO o.a.j.t.JMeterThread: Thread is done: 秒杀用户 1-690
2026-09-07 23:08:03,378 INFO o.a.j.t.JMeterThread: Thread finished: 秒杀用户 1-690
2026-09-07 23:08:03,390 INFO o.a.j.t.JMeterThread: Thread started: 秒杀用户 1-696
2026-09-07 23:08:03,399 INFO o.a.j.t.JMeterThread: Thread is done: 秒杀用户 1-691
2026-09-07 23:08:03,399 INFO o.a.j.t.JMeterThread: Thread finished: 秒杀用户 1-691
2026-09-07 23:08:03,409 INFO o.a.j.t.JMeterThread: Thread started: 秒杀用户 1-697
2026-09-07 23:08:03,420 INFO o.a.j.t.JMeterThread: Thread is done: 秒杀用户 1-692
2026-09-07 23:08:03,420 INFO o.a.j.t.JMeterThread: Thread finished: 秒杀用户 1-692
2026-09-07 23:08:03,429 INFO o.a.j.t.JMeterThread: Thread started: 秒杀用户 1-698
2026-09-07 23:08:03,439 INFO o.a.j.t.JMeterThread: Thread is done: 秒杀用户 1-693
2026-09-07 23:08:03,439 INFO o.a.j.t.JMeterThread: Thread finished: 秒杀用户 1-693
2026-09-07 23:08:03,450 INFO o.a.j.t.JMeterThread: Thread started: 秒杀用户 1-699
2026-09-07 23:08:03,460 INFO o.a.j.t.JMeterThread: Thread is done: 秒杀用户 1-694
2026-09-07 23:08:03,460 INFO o.a.j.t.JMeterThread: Thread finished: 秒杀用户 1-694
2026-09-07 23:08:03,469 INFO o.a.j.t.JMeterThread: Thread started: 秒杀用户 1-700
2026-09-07 23:08:03,480 INFO o.a.j.t.JMeterThread: Thread is done: 秒杀用户 1-695
2026-09-07 23:08:03,480 INFO o.a.j.t.JMeterThread: Thread finished: 秒杀用户 1-695
2026-09-07 23:08:03,489 INFO o.a.j.t.JMeterThread: Thread started: 秒杀用户 1-701
2026-09-07 23:08:03,500 INFO o.a.j.t.JMeterThread: Thread is done: 秒杀用户 1-696
2026-09-07 23:08:03,500 INFO o.a.j.t.JMeterThread: Thread finished: 秒杀用户 1-696
2026-09-07 23:08:03,510 INFO o.a.j.t.JMeterThread: Thread started: 秒杀用户 1-702
2026-09-07 23:08:03,520 INFO o.a.j.t.JMeterThread: Thread is done: 秒杀用户 1-697
2026-09-07 23:08:03,520 INFO o.a.j.t.JMeterThread: Thread finished: 秒杀用户 1-697
2026-09-07 23:08:03,530 INFO o.a.j.t.JMeterThread: Thread started: 秒杀用户 1-703
2026-09-07 23:08:03,539 INFO o.a.j.t.JMeterThread: Thread is done: 秒杀用户 1-698
2026-09-07 23:08:03,539 INFO o.a.j.t.JMeterThread: Thread finished: 秒杀用户 1-698
2026-09-07 23:08:03,548 INFO o.a.j.t.JMeterThread: Thread started: 秒杀用户 1-704
2026-09-07 23:08:03,559 INFO o.a.j.t.JMeterThread: Thread is done: 秒杀用户 1-699
2026-09-07 23:08:03,560 INFO o.a.j.t.JMeterThread: Thread finished: 秒杀用户 1-699
2026-09-07 23:08:03,569 INFO o.a.j.t.JMeterThread: Thread started: 秒杀用户 1-705
2026-09-07 23:08:03,580 INFO o.a.j.t.JMeterThread: Thread is done: 秒杀用户 1-700
2026-09-07 23:08:03,580 INFO o.a.j.t.JMeterThread: Thread finished: 秒杀用户 1-700
2026-09-07 23:08:03,590 INFO o.a.j.t.JMeterThread: Thread started: 秒杀用户 1-706
2026-09-07 23:08:03,605 INFO o.a.j.t.JMeterThread: Thread is done: 秒杀用户 1-701
2026-09-07 23:08:03,605 INFO o.a.j.t.JMeterThread: Thread finished: 秒杀用户 1-701
2026-09-07 23:08:03,610 INFO o.a.j.t.JMeterThread: Thread started: 秒杀用户 1-707
2026-09-07 23:08:03,621 INFO o.a.j.t.JMeterThread: Thread is done: 秒杀用户 1-702
2026-09-07 23:08:03,621 INFO o.a.j.t.JMeterThread: Thread finished: 秒杀用户 1-702
2026-09-07 23:08:03,629 INFO o.a.j.t.JMeterThread: Thread started: 秒杀用户 1-708
2026-09-07 23:08:03,641 INFO o.a.j.t.JMeterThread: Thread is done: 秒杀用户 1-703
2026-09-07 23:08:03,641 INFO o.a.j.t.JMeterThread: Thread finished: 秒杀用户 1-703
2026-09-07 23:08:03,650 INFO o.a.j.t.JMeterThread: Thread started: 秒杀用户 1-709
2026-09-07 23:08:03,657 INFO o.a.j.t.JMeterThread: Thread is done: 秒杀用户 1-704
2026-09-07 23:08:03,657 INFO o.a.j.t.JMeterThread: Thread finished: 秒杀用户 1-704
2026-09-07 23:08:03,669 INFO o.a.j.t.JMeterThread: Thread started: 秒杀用户 1-710
2026-09-07 23:08:03,679 INFO o.a.j.t.JMeterThread: Thread is done: 秒杀用户 1-705
2026-09-07 23:08:03,679 INFO o.a.j.t.JMeterThread: Thread finished: 秒杀用户 1-705
2026-09-07 23:08:03,689 INFO o.a.j.t.JMeterThread: Thread started: 秒杀用户 1-711
2026-09-07 23:08:03,703 INFO o.a.j.t.JMeterThread: Thread is done: 秒杀用户 1-706
2026-09-07 23:08:03,703 INFO o.a.j.t.JMeterThread: Thread finished: 秒杀用户 1-706
2026-09-07 23:08:03,709 INFO o.a.j.t.JMeterThread: Thread started: 秒杀用户 1-712
2026-09-07 23:08:03,722 INFO o.a.j.t.JMeterThread: Thread is done: 秒杀用户 1-707
2026-09-07 23:08:03,722 INFO o.a.j.t.JMeterThread: Thread finished: 秒杀用户 1-707
2026-09-07 23:08:03,730 INFO o.a.j.t.JMeterThread: Thread started: 秒杀用户 1-713
2026-09-07 23:08:03,739 INFO o.a.j.t.JMeterThread: Thread is done: 秒杀用户 1-708
2026-09-07 23:08:03,739 INFO o.a.j.t.JMeterThread: Thread finished: 秒杀用户 1-708
2026-09-07 23:08:03,748 INFO o.a.j.t.JMeterThread: Thread started: 秒杀用户 1-714
2026-09-07 23:08:03,760 INFO o.a.j.t.JMeterThread: Thread is done: 秒杀用户 1-709
2026-09-07 23:08:03,760 INFO o.a.j.t.JMeterThread: Thread finished: 秒杀用户 1-709
2026-09-07 23:08:03,769 INFO o.a.j.t.JMeterThread: Thread started: 秒杀用户 1-715
2026-09-07 23:08:03,779 INFO o.a.j.t.JMeterThread: Thread is done: 秒杀用户 1-710
2026-09-07 23:08:03,779 INFO o.a.j.t.JMeterThread: Thread finished: 秒杀用户 1-710
2026-09-07 23:08:03,790 INFO o.a.j.t.JMeterThread: Thread started: 秒杀用户 1-716
2026-09-07 23:08:03,801 INFO o.a.j.t.JMeterThread: Thread is done: 秒杀用户 1-711
2026-09-07 23:08:03,801 INFO o.a.j.t.JMeterThread: Thread finished: 秒杀用户 1-711
2026-09-07 23:08:03,809 INFO o.a.j.t.JMeterThread: Thread started: 秒杀用户 1-717
2026-09-07 23:08:03,818 INFO o.a.j.t.JMeterThread: Thread is done: 秒杀用户 1-712
2026-09-07 23:08:03,818 INFO o.a.j.t.JMeterThread: Thread finished: 秒杀用户 1-712
2026-09-07 23:08:03,830 INFO o.a.j.t.JMeterThread: Thread started: 秒杀用户 1-718
2026-09-07 23:08:03,841 INFO o.a.j.t.JMeterThread: Thread is done: 秒杀用户 1-713
2026-09-07 23:08:03,841 INFO o.a.j.t.JMeterThread: Thread finished: 秒杀用户 1-713
2026-09-07 23:08:03,848 INFO o.a.j.t.JMeterThread: Thread started: 秒杀用户 1-719
2026-09-07 23:08:03,858 INFO o.a.j.t.JMeterThread: Thread is done: 秒杀用户 1-714
2026-09-07 23:08:03,858 INFO o.a.j.t.JMeterThread: Thread finished: 秒杀用户 1-714
2026-09-07 23:08:03,868 INFO o.a.j.t.JMeterThread: Thread started: 秒杀用户 1-720
2026-09-07 23:08:03,877 INFO o.a.j.t.JMeterThread: Thread is done: 秒杀用户 1-715
2026-09-07 23:08:03,878 INFO o.a.j.t.JMeterThread: Thread finished: 秒杀用户 1-715
2026-09-07 23:08:03,889 INFO o.a.j.t.JMeterThread: Thread started: 秒杀用户 1-721
2026-09-07 23:08:03,900 INFO o.a.j.t.JMeterThread: Thread is done: 秒杀用户 1-716
2026-09-07 23:08:03,900 INFO o.a.j.t.JMeterThread: Thread finished: 秒杀用户 1-716
2026-09-07 23:08:03,909 INFO o.a.j.t.JMeterThread: Thread started: 秒杀用户 1-722
2026-09-07 23:08:03,920 INFO o.a.j.t.JMeterThread: Thread is done: 秒杀用户 1-717
2026-09-07 23:08:03,920 INFO o.a.j.t.JMeterThread: Thread finished: 秒杀用户 1-717
2026-09-07 23:08:03,929 INFO o.a.j.t.JMeterThread: Thread started: 秒杀用户 1-723
2026-09-07 23:08:03,940 INFO o.a.j.t.JMeterThread: Thread is done: 秒杀用户 1-718
2026-09-07 23:08:03,940 INFO o.a.j.t.JMeterThread: Thread finished: 秒杀用户 1-718
2026-09-07 23:08:03,950 INFO o.a.j.t.JMeterThread: Thread started: 秒杀用户 1-724
2026-09-07 23:08:03,957 INFO o.a.j.t.JMeterThread: Thread is done: 秒杀用户 1-719
2026-09-07 23:08:03,957 INFO o.a.j.t.JMeterThread: Thread finished: 秒杀用户 1-719
2026-09-07 23:08:03,969 INFO o.a.j.t.JMeterThread: Thread started: 秒杀用户 1-725
2026-09-07 23:08:03,978 INFO o.a.j.t.JMeterThread: Thread is done: 秒杀用户 1-720
2026-09-07 23:08:03,978 INFO o.a.j.t.JMeterThread: Thread finished: 秒杀用户 1-720
2026-09-07 23:08:03,989 INFO o.a.j.t.JMeterThread: Thread started: 秒杀用户 1-726
2026-09-07 23:08:03,997 INFO o.a.j.t.JMeterThread: Thread is done: 秒杀用户 1-721
2026-09-07 23:08:03,997 INFO o.a.j.t.JMeterThread: Thread finished: 秒杀用户 1-721
2026-09-07 23:08:04,009 INFO o.a.j.t.JMeterThread: Thread started: 秒杀用户 1-727
2026-09-07 23:08:04,018 INFO o.a.j.t.JMeterThread: Thread is done: 秒杀用户 1-722
2026-09-07 23:08:04,018 INFO o.a.j.t.JMeterThread: Thread finished: 秒杀用户 1-722
2026-09-07 23:08:04,029 INFO o.a.j.t.JMeterThread: Thread started: 秒杀用户 1-728
2026-09-07 23:08:04,039 INFO o.a.j.t.JMeterThread: Thread is done: 秒杀用户 1-723
2026-09-07 23:08:04,039 INFO o.a.j.t.JMeterThread: Thread finished: 秒杀用户 1-723
2026-09-07 23:08:04,050 INFO o.a.j.t.JMeterThread: Thread started: 秒杀用户 1-729
2026-09-07 23:08:04,060 INFO o.a.j.t.JMeterThread: Thread is done: 秒杀用户 1-724
2026-09-07 23:08:04,060 INFO o.a.j.t.JMeterThread: Thread finished: 秒杀用户 1-724
2026-09-07 23:08:04,070 INFO o.a.j.t.JMeterThread: Thread started: 秒杀用户 1-730
2026-09-07 23:08:04,077 INFO o.a.j.t.JMeterThread: Thread is done: 秒杀用户 1-725
2026-09-07 23:08:04,077 INFO o.a.j.t.JMeterThread: Thread finished: 秒杀用户 1-725
2026-09-07 23:08:04,089 INFO o.a.j.t.JMeterThread: Thread started: 秒杀用户 1-731
2026-09-07 23:08:04,097 INFO o.a.j.t.JMeterThread: Thread is done: 秒杀用户 1-726
2026-09-07 23:08:04,097 INFO o.a.j.t.JMeterThread: Thread finished: 秒杀用户 1-726
2026-09-07 23:08:04,110 INFO o.a.j.t.JMeterThread: Thread started: 秒杀用户 1-732
2026-09-07 23:08:04,120 INFO o.a.j.t.JMeterThread: Thread is done: 秒杀用户 1-727
2026-09-07 23:08:04,120 INFO o.a.j.t.JMeterThread: Thread finished: 秒杀用户 1-727
2026-09-07 23:08:04,129 INFO o.a.j.t.JMeterThread: Thread started: 秒杀用户 1-733
2026-09-07 23:08:04,140 INFO o.a.j.t.JMeterThread: Thread is done: 秒杀用户 1-728
2026-09-07 23:08:04,140 INFO o.a.j.t.JMeterThread: Thread finished: 秒杀用户 1-728
2026-09-07 23:08:04,149 INFO o.a.j.t.JMeterThread: Thread started: 秒杀用户 1-734
2026-09-07 23:08:04,160 INFO o.a.j.t.JMeterThread: Thread is done: 秒杀用户 1-729
2026-09-07 23:08:04,160 INFO o.a.j.t.JMeterThread: Thread finished: 秒杀用户 1-729
2026-09-07 23:08:04,170 INFO o.a.j.t.JMeterThread: Thread started: 秒杀用户 1-735
2026-09-07 23:08:04,181 INFO o.a.j.t.JMeterThread: Thread is done: 秒杀用户 1-730
2026-09-07 23:08:04,181 INFO o.a.j.t.JMeterThread: Thread finished: 秒杀用户 1-730
2026-09-07 23:08:04,190 INFO o.a.j.t.JMeterThread: Thread started: 秒杀用户 1-736
2026-09-07 23:08:04,201 INFO o.a.j.t.JMeterThread: Thread is done: 秒杀用户 1-731
2026-09-07 23:08:04,201 INFO o.a.j.t.JMeterThread: Thread finished: 秒杀用户 1-731
2026-09-07 23:08:04,209 INFO o.a.j.t.JMeterThread: Thread started: 秒杀用户 1-737
2026-09-07 23:08:04,220 INFO o.a.j.t.JMeterThread: Thread is done: 秒杀用户 1-732
2026-09-07 23:08:04,221 INFO o.a.j.t.JMeterThread: Thread finished: 秒杀用户 1-732
2026-09-07 23:08:04,230 INFO o.a.j.t.JMeterThread: Thread started: 秒杀用户 1-738
2026-09-07 23:08:04,237 INFO o.a.j.t.JMeterThread: Thread is done: 秒杀用户 1-733
2026-09-07 23:08:04,237 INFO o.a.j.t.JMeterThread: Thread finished: 秒杀用户 1-733
2026-09-07 23:08:04,249 INFO o.a.j.t.JMeterThread: Thread started: 秒杀用户 1-739
2026-09-07 23:08:04,260 INFO o.a.j.t.JMeterThread: Thread is done: 秒杀用户 1-734
2026-09-07 23:08:04,260 INFO o.a.j.t.JMeterThread: Thread finished: 秒杀用户 1-734
2026-09-07 23:08:04,268 INFO o.a.j.t.JMeterThread: Thread started: 秒杀用户 1-740
2026-09-07 23:08:04,279 INFO o.a.j.t.JMeterThread: Thread is done: 秒杀用户 1-735
2026-09-07 23:08:04,280 INFO o.a.j.t.JMeterThread: Thread finished: 秒杀用户 1-735
2026-09-07 23:08:04,290 INFO o.a.j.t.JMeterThread: Thread started: 秒杀用户 1-741
2026-09-07 23:08:04,301 INFO o.a.j.t.JMeterThread: Thread is done: 秒杀用户 1-736
2026-09-07 23:08:04,301 INFO o.a.j.t.JMeterThread: Thread finished: 秒杀用户 1-736
2026-09-07 23:08:04,309 INFO o.a.j.t.JMeterThread: Thread started: 秒杀用户 1-742
2026-09-07 23:08:04,320 INFO o.a.j.t.JMeterThread: Thread is done: 秒杀用户 1-737
2026-09-07 23:08:04,320 INFO o.a.j.t.JMeterThread: Thread finished: 秒杀用户 1-737
2026-09-07 23:08:04,329 INFO o.a.j.t.JMeterThread: Thread started: 秒杀用户 1-743
2026-09-07 23:08:04,340 INFO o.a.j.t.JMeterThread: Thread is done: 秒杀用户 1-738
2026-09-07 23:08:04,341 INFO o.a.j.t.JMeterThread: Thread finished: 秒杀用户 1-738
2026-09-07 23:08:04,349 INFO o.a.j.t.JMeterThread: Thread started: 秒杀用户 1-744
2026-09-07 23:08:04,359 INFO o.a.j.t.JMeterThread: Thread is done: 秒杀用户 1-739
2026-09-07 23:08:04,359 INFO o.a.j.t.JMeterThread: Thread finished: 秒杀用户 1-739
2026-09-07 23:08:04,370 INFO o.a.j.t.JMeterThread: Thread started: 秒杀用户 1-745
2026-09-07 23:08:04,379 INFO o.a.j.t.JMeterThread: Thread is done: 秒杀用户 1-740
2026-09-07 23:08:04,379 INFO o.a.j.t.JMeterThread: Thread finished: 秒杀用户 1-740
2026-09-07 23:08:04,391 INFO o.a.j.t.JMeterThread: Thread started: 秒杀用户 1-746
2026-09-07 23:08:04,400 INFO o.a.j.t.JMeterThread: Thread is done: 秒杀用户 1-741
2026-09-07 23:08:04,400 INFO o.a.j.t.JMeterThread: Thread finished: 秒杀用户 1-741
2026-09-07 23:08:04,410 INFO o.a.j.t.JMeterThread: Thread started: 秒杀用户 1-747
2026-09-07 23:08:04,420 INFO o.a.j.t.JMeterThread: Thread is done: 秒杀用户 1-742
2026-09-07 23:08:04,420 INFO o.a.j.t.JMeterThread: Thread finished: 秒杀用户 1-742
2026-09-07 23:08:04,429 INFO o.a.j.t.JMeterThread: Thread started: 秒杀用户 1-748
2026-09-07 23:08:04,439 INFO o.a.j.t.JMeterThread: Thread is done: 秒杀用户 1-743
2026-09-07 23:08:04,439 INFO o.a.j.t.JMeterThread: Thread finished: 秒杀用户 1-743
2026-09-07 23:08:04,450 INFO o.a.j.t.JMeterThread: Thread started: 秒杀用户 1-749
2026-09-07 23:08:04,459 INFO o.a.j.t.JMeterThread: Thread is done: 秒杀用户 1-744
2026-09-07 23:08:04,459 INFO o.a.j.t.JMeterThread: Thread finished: 秒杀用户 1-744
2026-09-07 23:08:04,470 INFO o.a.j.t.JMeterThread: Thread started: 秒杀用户 1-750
2026-09-07 23:08:04,480 INFO o.a.j.t.JMeterThread: Thread is done: 秒杀用户 1-745
2026-09-07 23:08:04,480 INFO o.a.j.t.JMeterThread: Thread finished: 秒杀用户 1-745
2026-09-07 23:08:04,490 INFO o.a.j.t.JMeterThread: Thread started: 秒杀用户 1-751
2026-09-07 23:08:04,502 INFO o.a.j.t.JMeterThread: Thread is done: 秒杀用户 1-746
2026-09-07 23:08:04,502 INFO o.a.j.t.JMeterThread: Thread finished: 秒杀用户 1-746
2026-09-07 23:08:04,510 INFO o.a.j.t.JMeterThread: Thread started: 秒杀用户 1-752
2026-09-07 23:08:04,522 INFO o.a.j.t.JMeterThread: Thread is done: 秒杀用户 1-747
2026-09-07 23:08:04,522 INFO o.a.j.t.JMeterThread: Thread finished: 秒杀用户 1-747
2026-09-07 23:08:04,528 INFO o.a.j.t.JMeterThread: Thread started: 秒杀用户 1-753
2026-09-07 23:08:04,541 INFO o.a.j.t.JMeterThread: Thread is done: 秒杀用户 1-748
2026-09-07 23:08:04,541 INFO o.a.j.t.JMeterThread: Thread finished: 秒杀用户 1-748
2026-09-07 23:08:04,551 INFO o.a.j.t.JMeterThread: Thread started: 秒杀用户 1-754
2026-09-07 23:08:04,561 INFO o.a.j.t.JMeterThread: Thread is done: 秒杀用户 1-749
2026-09-07 23:08:04,561 INFO o.a.j.t.JMeterThread: Thread finished: 秒杀用户 1-749
2026-09-07 23:08:04,568 INFO o.a.j.t.JMeterThread: Thread started: 秒杀用户 1-755
2026-09-07 23:08:04,581 INFO o.a.j.t.JMeterThread: Thread is done: 秒杀用户 1-750
2026-09-07 23:08:04,581 INFO o.a.j.t.JMeterThread: Thread finished: 秒杀用户 1-750
2026-09-07 23:08:04,588 INFO o.a.j.t.JMeterThread: Thread started: 秒杀用户 1-756
2026-09-07 23:08:04,600 INFO o.a.j.t.JMeterThread: Thread is done: 秒杀用户 1-751
2026-09-07 23:08:04,600 INFO o.a.j.t.JMeterThread: Thread finished: 秒杀用户 1-751
2026-09-07 23:08:04,610 INFO o.a.j.t.JMeterThread: Thread started: 秒杀用户 1-757
2026-09-07 23:08:04,622 INFO o.a.j.t.JMeterThread: Thread is done: 秒杀用户 1-752
2026-09-07 23:08:04,622 INFO o.a.j.t.JMeterThread: Thread finished: 秒杀用户 1-752
2026-09-07 23:08:04,631 INFO o.a.j.t.JMeterThread: Thread started: 秒杀用户 1-758
2026-09-07 23:08:04,637 INFO o.a.j.t.JMeterThread: Thread is done: 秒杀用户 1-753
2026-09-07 23:08:04,637 INFO o.a.j.t.JMeterThread: Thread finished: 秒杀用户 1-753
2026-09-07 23:08:04,651 INFO o.a.j.t.JMeterThread: Thread started: 秒杀用户 1-759
2026-09-07 23:08:04,660 INFO o.a.j.t.JMeterThread: Thread is done: 秒杀用户 1-754
2026-09-07 23:08:04,660 INFO o.a.j.t.JMeterThread: Thread finished: 秒杀用户 1-754
2026-09-07 23:08:04,670 INFO o.a.j.t.JMeterThread: Thread started: 秒杀用户 1-760
2026-09-07 23:08:04,678 INFO o.a.j.t.JMeterThread: Thread is done: 秒杀用户 1-755
2026-09-07 23:08:04,678 INFO o.a.j.t.JMeterThread: Thread finished: 秒杀用户 1-755
2026-09-07 23:08:04,689 INFO o.a.j.t.JMeterThread: Thread started: 秒杀用户 1-761
2026-09-07 23:08:04,697 INFO o.a.j.t.JMeterThread: Thread is done: 秒杀用户 1-756
2026-09-07 23:08:04,698 INFO o.a.j.t.JMeterThread: Thread finished: 秒杀用户 1-756
2026-09-07 23:08:04,710 INFO o.a.j.t.JMeterThread: Thread started: 秒杀用户 1-762
2026-09-07 23:08:04,719 INFO o.a.j.t.JMeterThread: Thread is done: 秒杀用户 1-757
2026-09-07 23:08:04,719 INFO o.a.j.t.JMeterThread: Thread finished: 秒杀用户 1-757
2026-09-07 23:08:04,729 INFO o.a.j.t.JMeterThread: Thread started: 秒杀用户 1-763
2026-09-07 23:08:04,741 INFO o.a.j.t.JMeterThread: Thread is done: 秒杀用户 1-758
2026-09-07 23:08:04,741 INFO o.a.j.t.JMeterThread: Thread finished: 秒杀用户 1-758
2026-09-07 23:08:04,750 INFO o.a.j.t.JMeterThread: Thread started: 秒杀用户 1-764
2026-09-07 23:08:04,760 INFO o.a.j.t.JMeterThread: Thread is done: 秒杀用户 1-759
2026-09-07 23:08:04,760 INFO o.a.j.t.JMeterThread: Thread finished: 秒杀用户 1-759
2026-09-07 23:08:04,769 INFO o.a.j.t.JMeterThread: Thread started: 秒杀用户 1-765
2026-09-07 23:08:04,780 INFO o.a.j.t.JMeterThread: Thread is done: 秒杀用户 1-760
2026-09-07 23:08:04,780 INFO o.a.j.t.JMeterThread: Thread finished: 秒杀用户 1-760
2026-09-07 23:08:04,790 INFO o.a.j.t.JMeterThread: Thread started: 秒杀用户 1-766
2026-09-07 23:08:04,798 INFO o.a.j.t.JMeterThread: Thread is done: 秒杀用户 1-761
2026-09-07 23:08:04,798 INFO o.a.j.t.JMeterThread: Thread finished: 秒杀用户 1-761
2026-09-07 23:08:04,809 INFO o.a.j.t.JMeterThread: Thread started: 秒杀用户 1-767
2026-09-07 23:08:04,820 INFO o.a.j.t.JMeterThread: Thread is done: 秒杀用户 1-762
2026-09-07 23:08:04,820 INFO o.a.j.t.JMeterThread: Thread finished: 秒杀用户 1-762
2026-09-07 23:08:04,830 INFO o.a.j.t.JMeterThread: Thread started: 秒杀用户 1-768
2026-09-07 23:08:04,838 INFO o.a.j.t.JMeterThread: Thread is done: 秒杀用户 1-763
2026-09-07 23:08:04,838 INFO o.a.j.t.JMeterThread: Thread finished: 秒杀用户 1-763
2026-09-07 23:08:04,851 INFO o.a.j.t.JMeterThread: Thread started: 秒杀用户 1-769
2026-09-07 23:08:04,860 INFO o.a.j.t.JMeterThread: Thread is done: 秒杀用户 1-764
2026-09-07 23:08:04,860 INFO o.a.j.t.JMeterThread: Thread finished: 秒杀用户 1-764
2026-09-07 23:08:04,870 INFO o.a.j.t.JMeterThread: Thread started: 秒杀用户 1-770
2026-09-07 23:08:04,881 INFO o.a.j.t.JMeterThread: Thread is done: 秒杀用户 1-765
2026-09-07 23:08:04,881 INFO o.a.j.t.JMeterThread: Thread finished: 秒杀用户 1-765
2026-09-07 23:08:04,888 INFO o.a.j.t.JMeterThread: Thread started: 秒杀用户 1-771
2026-09-07 23:08:04,899 INFO o.a.j.t.JMeterThread: Thread is done: 秒杀用户 1-766
2026-09-07 23:08:04,899 INFO o.a.j.t.JMeterThread: Thread finished: 秒杀用户 1-766
2026-09-07 23:08:04,909 INFO o.a.j.t.JMeterThread: Thread started: 秒杀用户 1-772
2026-09-07 23:08:04,920 INFO o.a.j.t.JMeterThread: Thread is done: 秒杀用户 1-767
2026-09-07 23:08:04,920 INFO o.a.j.t.JMeterThread: Thread finished: 秒杀用户 1-767
2026-09-07 23:08:04,930 INFO o.a.j.t.JMeterThread: Thread started: 秒杀用户 1-773
2026-09-07 23:08:04,941 INFO o.a.j.t.JMeterThread: Thread is done: 秒杀用户 1-768
2026-09-07 23:08:04,941 INFO o.a.j.t.JMeterThread: Thread finished: 秒杀用户 1-768
2026-09-07 23:08:04,950 INFO o.a.j.t.JMeterThread: Thread started: 秒杀用户 1-774
2026-09-07 23:08:04,960 INFO o.a.j.t.JMeterThread: Thread is done: 秒杀用户 1-769
2026-09-07 23:08:04,960 INFO o.a.j.t.JMeterThread: Thread finished: 秒杀用户 1-769
2026-09-07 23:08:04,971 INFO o.a.j.t.JMeterThread: Thread started: 秒杀用户 1-775
2026-09-07 23:08:04,979 INFO o.a.j.t.JMeterThread: Thread is done: 秒杀用户 1-770
2026-09-07 23:08:04,979 INFO o.a.j.t.JMeterThread: Thread finished: 秒杀用户 1-770
2026-09-07 23:08:04,988 INFO o.a.j.t.JMeterThread: Thread started: 秒杀用户 1-776
2026-09-07 23:08:04,998 INFO o.a.j.t.JMeterThread: Thread is done: 秒杀用户 1-771
2026-09-07 23:08:04,998 INFO o.a.j.t.JMeterThread: Thread finished: 秒杀用户 1-771
2026-09-07 23:08:05,011 INFO o.a.j.t.JMeterThread: Thread started: 秒杀用户 1-777
2026-09-07 23:08:05,021 INFO o.a.j.t.JMeterThread: Thread is done: 秒杀用户 1-772
2026-09-07 23:08:05,021 INFO o.a.j.t.JMeterThread: Thread finished: 秒杀用户 1-772
2026-09-07 23:08:05,029 INFO o.a.j.t.JMeterThread: Thread started: 秒杀用户 1-778
2026-09-07 23:08:05,041 INFO o.a.j.t.JMeterThread: Thread is done: 秒杀用户 1-773
2026-09-07 23:08:05,041 INFO o.a.j.t.JMeterThread: Thread finished: 秒杀用户 1-773
2026-09-07 23:08:05,050 INFO o.a.j.t.JMeterThread: Thread started: 秒杀用户 1-779
2026-09-07 23:08:05,060 INFO o.a.j.t.JMeterThread: Thread is done: 秒杀用户 1-774
2026-09-07 23:08:05,060 INFO o.a.j.t.JMeterThread: Thread finished: 秒杀用户 1-774
2026-09-07 23:08:05,069 INFO o.a.j.t.JMeterThread: Thread started: 秒杀用户 1-780
2026-09-07 23:08:05,082 INFO o.a.j.t.JMeterThread: Thread is done: 秒杀用户 1-775
2026-09-07 23:08:05,082 INFO o.a.j.t.JMeterThread: Thread finished: 秒杀用户 1-775
2026-09-07 23:08:05,092 INFO o.a.j.t.JMeterThread: Thread started: 秒杀用户 1-781
2026-09-07 23:08:05,098 INFO o.a.j.t.JMeterThread: Thread is done: 秒杀用户 1-776
2026-09-07 23:08:05,098 INFO o.a.j.t.JMeterThread: Thread finished: 秒杀用户 1-776
2026-09-07 23:08:05,110 INFO o.a.j.t.JMeterThread: Thread started: 秒杀用户 1-782
2026-09-07 23:08:05,122 INFO o.a.j.t.JMeterThread: Thread is done: 秒杀用户 1-777
2026-09-07 23:08:05,122 INFO o.a.j.t.JMeterThread: Thread finished: 秒杀用户 1-777
2026-09-07 23:08:05,129 INFO o.a.j.t.JMeterThread: Thread started: 秒杀用户 1-783
2026-09-07 23:08:05,140 INFO o.a.j.t.JMeterThread: Thread is done: 秒杀用户 1-778
2026-09-07 23:08:05,140 INFO o.a.j.t.JMeterThread: Thread finished: 秒杀用户 1-778
2026-09-07 23:08:05,149 INFO o.a.j.t.JMeterThread: Thread started: 秒杀用户 1-784
2026-09-07 23:08:05,162 INFO o.a.j.t.JMeterThread: Thread is done: 秒杀用户 1-779
2026-09-07 23:08:05,162 INFO o.a.j.t.JMeterThread: Thread finished: 秒杀用户 1-779
2026-09-07 23:08:05,169 INFO o.a.j.t.JMeterThread: Thread started: 秒杀用户 1-785
2026-09-07 23:08:05,179 INFO o.a.j.t.JMeterThread: Thread is done: 秒杀用户 1-780
2026-09-07 23:08:05,179 INFO o.a.j.t.JMeterThread: Thread finished: 秒杀用户 1-780
2026-09-07 23:08:05,189 INFO o.a.j.t.JMeterThread: Thread started: 秒杀用户 1-786
2026-09-07 23:08:05,203 INFO o.a.j.t.JMeterThread: Thread is done: 秒杀用户 1-781
2026-09-07 23:08:05,203 INFO o.a.j.t.JMeterThread: Thread finished: 秒杀用户 1-781
2026-09-07 23:08:05,211 INFO o.a.j.t.JMeterThread: Thread started: 秒杀用户 1-787
2026-09-07 23:08:05,219 INFO o.a.j.t.JMeterThread: Thread is done: 秒杀用户 1-782
2026-09-07 23:08:05,219 INFO o.a.j.t.JMeterThread: Thread finished: 秒杀用户 1-782
2026-09-07 23:08:05,229 INFO o.a.j.t.JMeterThread: Thread started: 秒杀用户 1-788
2026-09-07 23:08:05,240 INFO o.a.j.t.JMeterThread: Thread is done: 秒杀用户 1-783
2026-09-07 23:08:05,240 INFO o.a.j.t.JMeterThread: Thread finished: 秒杀用户 1-783
2026-09-07 23:08:05,249 INFO o.a.j.t.JMeterThread: Thread started: 秒杀用户 1-789
2026-09-07 23:08:05,262 INFO o.a.j.t.JMeterThread: Thread is done: 秒杀用户 1-784
2026-09-07 23:08:05,262 INFO o.a.j.t.JMeterThread: Thread finished: 秒杀用户 1-784
2026-09-07 23:08:05,269 INFO o.a.j.t.JMeterThread: Thread started: 秒杀用户 1-790
2026-09-07 23:08:05,281 INFO o.a.j.t.JMeterThread: Thread is done: 秒杀用户 1-785
2026-09-07 23:08:05,281 INFO o.a.j.t.JMeterThread: Thread finished: 秒杀用户 1-785
2026-09-07 23:08:05,290 INFO o.a.j.t.JMeterThread: Thread started: 秒杀用户 1-791
2026-09-07 23:08:05,298 INFO o.a.j.t.JMeterThread: Thread is done: 秒杀用户 1-786
2026-09-07 23:08:05,298 INFO o.a.j.t.JMeterThread: Thread finished: 秒杀用户 1-786
2026-09-07 23:08:05,310 INFO o.a.j.t.JMeterThread: Thread started: 秒杀用户 1-792
2026-09-07 23:08:05,322 INFO o.a.j.t.JMeterThread: Thread is done: 秒杀用户 1-787
2026-09-07 23:08:05,322 INFO o.a.j.t.JMeterThread: Thread finished: 秒杀用户 1-787
2026-09-07 23:08:05,331 INFO o.a.j.t.JMeterThread: Thread started: 秒杀用户 1-793
2026-09-07 23:08:05,339 INFO o.a.j.t.JMeterThread: Thread is done: 秒杀用户 1-788
2026-09-07 23:08:05,339 INFO o.a.j.t.JMeterThread: Thread finished: 秒杀用户 1-788
2026-09-07 23:08:05,349 INFO o.a.j.t.JMeterThread: Thread started: 秒杀用户 1-794
2026-09-07 23:08:05,360 INFO o.a.j.t.JMeterThread: Thread is done: 秒杀用户 1-789
2026-09-07 23:08:05,360 INFO o.a.j.t.JMeterThread: Thread finished: 秒杀用户 1-789
2026-09-07 23:08:05,369 INFO o.a.j.t.JMeterThread: Thread started: 秒杀用户 1-795
2026-09-07 23:08:05,382 INFO o.a.j.t.JMeterThread: Thread is done: 秒杀用户 1-790
2026-09-07 23:08:05,382 INFO o.a.j.t.JMeterThread: Thread finished: 秒杀用户 1-790
2026-09-07 23:08:05,389 INFO o.a.j.t.JMeterThread: Thread started: 秒杀用户 1-796
2026-09-07 23:08:05,402 INFO o.a.j.t.JMeterThread: Thread is done: 秒杀用户 1-791
2026-09-07 23:08:05,402 INFO o.a.j.t.JMeterThread: Thread finished: 秒杀用户 1-791
2026-09-07 23:08:05,410 INFO o.a.j.t.JMeterThread: Thread started: 秒杀用户 1-797
2026-09-07 23:08:05,421 INFO o.a.j.t.JMeterThread: Thread is done: 秒杀用户 1-792
2026-09-07 23:08:05,421 INFO o.a.j.t.JMeterThread: Thread finished: 秒杀用户 1-792
2026-09-07 23:08:05,431 INFO o.a.j.t.JMeterThread: Thread started: 秒杀用户 1-798
2026-09-07 23:08:05,440 INFO o.a.j.t.JMeterThread: Thread is done: 秒杀用户 1-793
2026-09-07 23:08:05,440 INFO o.a.j.t.JMeterThread: Thread finished: 秒杀用户 1-793
2026-09-07 23:08:05,449 INFO o.a.j.t.JMeterThread: Thread started: 秒杀用户 1-799
2026-09-07 23:08:05,459 INFO o.a.j.t.JMeterThread: Thread is done: 秒杀用户 1-794
2026-09-07 23:08:05,459 INFO o.a.j.t.JMeterThread: Thread finished: 秒杀用户 1-794
2026-09-07 23:08:05,470 INFO o.a.j.t.JMeterThread: Thread started: 秒杀用户 1-800
2026-09-07 23:08:05,480 INFO o.a.j.t.JMeterThread: Thread is done: 秒杀用户 1-795
2026-09-07 23:08:05,480 INFO o.a.j.t.JMeterThread: Thread finished: 秒杀用户 1-795
2026-09-07 23:08:05,489 INFO o.a.j.t.JMeterThread: Thread started: 秒杀用户 1-801
2026-09-07 23:08:05,498 INFO o.a.j.t.JMeterThread: Thread is done: 秒杀用户 1-796
2026-09-07 23:08:05,498 INFO o.a.j.t.JMeterThread: Thread finished: 秒杀用户 1-796
2026-09-07 23:08:05,510 INFO o.a.j.t.JMeterThread: Thread started: 秒杀用户 1-802
2026-09-07 23:08:05,520 INFO o.a.j.t.JMeterThread: Thread is done: 秒杀用户 1-797
2026-09-07 23:08:05,520 INFO o.a.j.t.JMeterThread: Thread finished: 秒杀用户 1-797
2026-09-07 23:08:05,530 INFO o.a.j.t.JMeterThread: Thread started: 秒杀用户 1-803
2026-09-07 23:08:05,541 INFO o.a.j.t.JMeterThread: Thread is done: 秒杀用户 1-798
2026-09-07 23:08:05,541 INFO o.a.j.t.JMeterThread: Thread finished: 秒杀用户 1-798
2026-09-07 23:08:05,549 INFO o.a.j.t.JMeterThread: Thread started: 秒杀用户 1-804
2026-09-07 23:08:05,559 INFO o.a.j.t.JMeterThread: Thread is done: 秒杀用户 1-799
2026-09-07 23:08:05,559 INFO o.a.j.t.JMeterThread: Thread finished: 秒杀用户 1-799
2026-09-07 23:08:05,569 INFO o.a.j.t.JMeterThread: Thread started: 秒杀用户 1-805
2026-09-07 23:08:05,578 INFO o.a.j.t.JMeterThread: Thread is done: 秒杀用户 1-800
2026-09-07 23:08:05,578 INFO o.a.j.t.JMeterThread: Thread finished: 秒杀用户 1-800
2026-09-07 23:08:05,589 INFO o.a.j.t.JMeterThread: Thread started: 秒杀用户 1-806
2026-09-07 23:08:05,600 INFO o.a.j.t.JMeterThread: Thread is done: 秒杀用户 1-801
2026-09-07 23:08:05,600 INFO o.a.j.t.JMeterThread: Thread finished: 秒杀用户 1-801
2026-09-07 23:08:05,609 INFO o.a.j.t.JMeterThread: Thread started: 秒杀用户 1-807
2026-09-07 23:08:05,620 INFO o.a.j.t.JMeterThread: Thread is done: 秒杀用户 1-802
2026-09-07 23:08:05,620 INFO o.a.j.t.JMeterThread: Thread finished: 秒杀用户 1-802
2026-09-07 23:08:05,628 INFO o.a.j.t.JMeterThread: Thread started: 秒杀用户 1-808
2026-09-07 23:08:05,641 INFO o.a.j.t.JMeterThread: Thread is done: 秒杀用户 1-803
2026-09-07 23:08:05,641 INFO o.a.j.t.JMeterThread: Thread finished: 秒杀用户 1-803
2026-09-07 23:08:05,649 INFO o.a.j.t.JMeterThread: Thread started: 秒杀用户 1-809
2026-09-07 23:08:05,659 INFO o.a.j.t.JMeterThread: Thread is done: 秒杀用户 1-804
2026-09-07 23:08:05,659 INFO o.a.j.t.JMeterThread: Thread finished: 秒杀用户 1-804
2026-09-07 23:08:05,670 INFO o.a.j.t.JMeterThread: Thread started: 秒杀用户 1-810
2026-09-07 23:08:05,679 INFO o.a.j.t.JMeterThread: Thread is done: 秒杀用户 1-805
2026-09-07 23:08:05,679 INFO o.a.j.t.JMeterThread: Thread finished: 秒杀用户 1-805
2026-09-07 23:08:05,689 INFO o.a.j.t.JMeterThread: Thread started: 秒杀用户 1-811
2026-09-07 23:08:05,699 INFO o.a.j.t.JMeterThread: Thread is done: 秒杀用户 1-806
2026-09-07 23:08:05,699 INFO o.a.j.t.JMeterThread: Thread finished: 秒杀用户 1-806
2026-09-07 23:08:05,708 INFO o.a.j.t.JMeterThread: Thread started: 秒杀用户 1-812
2026-09-07 23:08:05,720 INFO o.a.j.t.JMeterThread: Thread is done: 秒杀用户 1-807
2026-09-07 23:08:05,720 INFO o.a.j.t.JMeterThread: Thread finished: 秒杀用户 1-807
2026-09-07 23:08:05,728 INFO o.a.j.t.JMeterThread: Thread started: 秒杀用户 1-813
2026-09-07 23:08:05,739 INFO o.a.j.t.JMeterThread: Thread is done: 秒杀用户 1-808
2026-09-07 23:08:05,739 INFO o.a.j.t.JMeterThread: Thread finished: 秒杀用户 1-808
2026-09-07 23:08:05,749 INFO o.a.j.t.JMeterThread: Thread started: 秒杀用户 1-814
2026-09-07 23:08:05,759 INFO o.a.j.t.JMeterThread: Thread is done: 秒杀用户 1-809
2026-09-07 23:08:05,759 INFO o.a.j.t.JMeterThread: Thread finished: 秒杀用户 1-809
2026-09-07 23:08:05,770 INFO o.a.j.t.JMeterThread: Thread started: 秒杀用户 1-815
2026-09-07 23:08:05,780 INFO o.a.j.t.JMeterThread: Thread is done: 秒杀用户 1-810
2026-09-07 23:08:05,780 INFO o.a.j.t.JMeterThread: Thread finished: 秒杀用户 1-810
2026-09-07 23:08:05,789 INFO o.a.j.t.JMeterThread: Thread started: 秒杀用户 1-816
2026-09-07 23:08:05,800 INFO o.a.j.t.JMeterThread: Thread is done: 秒杀用户 1-811
2026-09-07 23:08:05,800 INFO o.a.j.t.JMeterThread: Thread finished: 秒杀用户 1-811
2026-09-07 23:08:05,809 INFO o.a.j.t.JMeterThread: Thread started: 秒杀用户 1-817
2026-09-07 23:08:05,817 INFO o.a.j.t.JMeterThread: Thread is done: 秒杀用户 1-812
2026-09-07 23:08:05,817 INFO o.a.j.t.JMeterThread: Thread finished: 秒杀用户 1-812
2026-09-07 23:08:05,829 INFO o.a.j.t.JMeterThread: Thread started: 秒杀用户 1-818
2026-09-07 23:08:05,839 INFO o.a.j.t.JMeterThread: Thread is done: 秒杀用户 1-813
2026-09-07 23:08:05,839 INFO o.a.j.t.JMeterThread: Thread finished: 秒杀用户 1-813
2026-09-07 23:08:05,848 INFO o.a.j.t.JMeterThread: Thread started: 秒杀用户 1-819
2026-09-07 23:08:05,859 INFO o.a.j.t.JMeterThread: Thread is done: 秒杀用户 1-814
2026-09-07 23:08:05,859 INFO o.a.j.t.JMeterThread: Thread finished: 秒杀用户 1-814
2026-09-07 23:08:05,869 INFO o.a.j.t.JMeterThread: Thread started: 秒杀用户 1-820
2026-09-07 23:08:05,882 INFO o.a.j.t.JMeterThread: Thread is done: 秒杀用户 1-815
2026-09-07 23:08:05,882 INFO o.a.j.t.JMeterThread: Thread finished: 秒杀用户 1-815
2026-09-07 23:08:05,889 INFO o.a.j.t.JMeterThread: Thread started: 秒杀用户 1-821
2026-09-07 23:08:05,899 INFO o.a.j.t.JMeterThread: Thread is done: 秒杀用户 1-816
2026-09-07 23:08:05,899 INFO o.a.j.t.JMeterThread: Thread finished: 秒杀用户 1-816
2026-09-07 23:08:05,909 INFO o.a.j.t.JMeterThread: Thread started: 秒杀用户 1-822
2026-09-07 23:08:05,920 INFO o.a.j.t.JMeterThread: Thread is done: 秒杀用户 1-817
2026-09-07 23:08:05,920 INFO o.a.j.t.JMeterThread: Thread finished: 秒杀用户 1-817
2026-09-07 23:08:05,928 INFO o.a.j.t.JMeterThread: Thread started: 秒杀用户 1-823
2026-09-07 23:08:05,939 INFO o.a.j.t.JMeterThread: Thread is done: 秒杀用户 1-818
2026-09-07 23:08:05,939 INFO o.a.j.t.JMeterThread: Thread finished: 秒杀用户 1-818
2026-09-07 23:08:05,949 INFO o.a.j.t.JMeterThread: Thread started: 秒杀用户 1-824
2026-09-07 23:08:05,959 INFO o.a.j.t.JMeterThread: Thread is done: 秒杀用户 1-819
2026-09-07 23:08:05,959 INFO o.a.j.t.JMeterThread: Thread finished: 秒杀用户 1-819
2026-09-07 23:08:05,969 INFO o.a.j.t.JMeterThread: Thread started: 秒杀用户 1-825
2026-09-07 23:08:05,981 INFO o.a.j.t.JMeterThread: Thread is done: 秒杀用户 1-820
2026-09-07 23:08:05,981 INFO o.a.j.t.JMeterThread: Thread finished: 秒杀用户 1-820
2026-09-07 23:08:05,990 INFO o.a.j.t.JMeterThread: Thread started: 秒杀用户 1-826
2026-09-07 23:08:06,002 INFO o.a.j.t.JMeterThread: Thread is done: 秒杀用户 1-821
2026-09-07 23:08:06,002 INFO o.a.j.t.JMeterThread: Thread finished: 秒杀用户 1-821
2026-09-07 23:08:06,008 INFO o.a.j.t.JMeterThread: Thread started: 秒杀用户 1-827
2026-09-07 23:08:06,019 INFO o.a.j.t.JMeterThread: Thread is done: 秒杀用户 1-822
2026-09-07 23:08:06,019 INFO o.a.j.t.JMeterThread: Thread finished: 秒杀用户 1-822
2026-09-07 23:08:06,029 INFO o.a.j.t.JMeterThread: Thread started: 秒杀用户 1-828
2026-09-07 23:08:06,039 INFO o.a.j.t.JMeterThread: Thread is done: 秒杀用户 1-823
2026-09-07 23:08:06,039 INFO o.a.j.t.JMeterThread: Thread finished: 秒杀用户 1-823
2026-09-07 23:08:06,049 INFO o.a.j.t.JMeterThread: Thread started: 秒杀用户 1-829
2026-09-07 23:08:06,060 INFO o.a.j.t.JMeterThread: Thread is done: 秒杀用户 1-824
2026-09-07 23:08:06,060 INFO o.a.j.t.JMeterThread: Thread finished: 秒杀用户 1-824
2026-09-07 23:08:06,069 INFO o.a.j.t.JMeterThread: Thread started: 秒杀用户 1-830
2026-09-07 23:08:06,084 INFO o.a.j.t.JMeterThread: Thread is done: 秒杀用户 1-825
2026-09-07 23:08:06,085 INFO o.a.j.t.JMeterThread: Thread finished: 秒杀用户 1-825
2026-09-07 23:08:06,088 INFO o.a.j.t.JMeterThread: Thread started: 秒杀用户 1-831
2026-09-07 23:08:06,102 INFO o.a.j.t.JMeterThread: Thread is done: 秒杀用户 1-826
2026-09-07 23:08:06,102 INFO o.a.j.t.JMeterThread: Thread finished: 秒杀用户 1-826
2026-09-07 23:08:06,109 INFO o.a.j.t.JMeterThread: Thread started: 秒杀用户 1-832
2026-09-07 23:08:06,121 INFO o.a.j.t.JMeterThread: Thread is done: 秒杀用户 1-827
2026-09-07 23:08:06,121 INFO o.a.j.t.JMeterThread: Thread finished: 秒杀用户 1-827
2026-09-07 23:08:06,129 INFO o.a.j.t.JMeterThread: Thread started: 秒杀用户 1-833
2026-09-07 23:08:06,139 INFO o.a.j.t.JMeterThread: Thread is done: 秒杀用户 1-828
2026-09-07 23:08:06,139 INFO o.a.j.t.JMeterThread: Thread finished: 秒杀用户 1-828
2026-09-07 23:08:06,148 INFO o.a.j.t.JMeterThread: Thread started: 秒杀用户 1-834
2026-09-07 23:08:06,159 INFO o.a.j.t.JMeterThread: Thread is done: 秒杀用户 1-829
2026-09-07 23:08:06,159 INFO o.a.j.t.JMeterThread: Thread finished: 秒杀用户 1-829
2026-09-07 23:08:06,170 INFO o.a.j.t.JMeterThread: Thread started: 秒杀用户 1-835
2026-09-07 23:08:06,180 INFO o.a.j.t.JMeterThread: Thread is done: 秒杀用户 1-830
2026-09-07 23:08:06,180 INFO o.a.j.t.JMeterThread: Thread finished: 秒杀用户 1-830
2026-09-07 23:08:06,190 INFO o.a.j.t.JMeterThread: Thread started: 秒杀用户 1-836
2026-09-07 23:08:06,196 INFO o.a.j.t.JMeterThread: Thread is done: 秒杀用户 1-831
2026-09-07 23:08:06,196 INFO o.a.j.t.JMeterThread: Thread finished: 秒杀用户 1-831
2026-09-07 23:08:06,208 INFO o.a.j.t.JMeterThread: Thread started: 秒杀用户 1-837
2026-09-07 23:08:06,219 INFO o.a.j.t.JMeterThread: Thread is done: 秒杀用户 1-832
2026-09-07 23:08:06,219 INFO o.a.j.t.JMeterThread: Thread finished: 秒杀用户 1-832
2026-09-07 23:08:06,228 INFO o.a.j.t.JMeterThread: Thread started: 秒杀用户 1-838
2026-09-07 23:08:06,240 INFO o.a.j.t.JMeterThread: Thread is done: 秒杀用户 1-833
2026-09-07 23:08:06,240 INFO o.a.j.t.JMeterThread: Thread finished: 秒杀用户 1-833
2026-09-07 23:08:06,250 INFO o.a.j.t.JMeterThread: Thread started: 秒杀用户 1-839
2026-09-07 23:08:06,259 INFO o.a.j.t.JMeterThread: Thread is done: 秒杀用户 1-834
2026-09-07 23:08:06,259 INFO o.a.j.t.JMeterThread: Thread finished: 秒杀用户 1-834
2026-09-07 23:08:06,268 INFO o.a.j.t.JMeterThread: Thread started: 秒杀用户 1-840
2026-09-07 23:08:06,280 INFO o.a.j.t.JMeterThread: Thread is done: 秒杀用户 1-835
2026-09-07 23:08:06,280 INFO o.a.j.t.JMeterThread: Thread finished: 秒杀用户 1-835
2026-09-07 23:08:06,289 INFO o.a.j.t.JMeterThread: Thread started: 秒杀用户 1-841
2026-09-07 23:08:06,301 INFO o.a.j.t.JMeterThread: Thread is done: 秒杀用户 1-836
2026-09-07 23:08:06,301 INFO o.a.j.t.JMeterThread: Thread finished: 秒杀用户 1-836
2026-09-07 23:08:06,309 INFO o.a.j.t.JMeterThread: Thread started: 秒杀用户 1-842
2026-09-07 23:08:06,318 INFO o.a.j.t.JMeterThread: Thread is done: 秒杀用户 1-837
2026-09-07 23:08:06,319 INFO o.a.j.t.JMeterThread: Thread finished: 秒杀用户 1-837
2026-09-07 23:08:06,329 INFO o.a.j.t.JMeterThread: Thread started: 秒杀用户 1-843
2026-09-07 23:08:06,337 INFO o.a.j.t.JMeterThread: Thread is done: 秒杀用户 1-838
2026-09-07 23:08:06,337 INFO o.a.j.t.JMeterThread: Thread finished: 秒杀用户 1-838
2026-09-07 23:08:06,350 INFO o.a.j.t.JMeterThread: Thread started: 秒杀用户 1-844
2026-09-07 23:08:06,360 INFO o.a.j.t.JMeterThread: Thread is done: 秒杀用户 1-839
2026-09-07 23:08:06,360 INFO o.a.j.t.JMeterThread: Thread finished: 秒杀用户 1-839
2026-09-07 23:08:06,371 INFO o.a.j.t.JMeterThread: Thread started: 秒杀用户 1-845
2026-09-07 23:08:06,377 INFO o.a.j.t.JMeterThread: Thread is done: 秒杀用户 1-840
2026-09-07 23:08:06,377 INFO o.a.j.t.JMeterThread: Thread finished: 秒杀用户 1-840
2026-09-07 23:08:06,389 INFO o.a.j.t.JMeterThread: Thread started: 秒杀用户 1-846
2026-09-07 23:08:06,401 INFO o.a.j.t.JMeterThread: Thread is done: 秒杀用户 1-841
2026-09-07 23:08:06,401 INFO o.a.j.t.JMeterThread: Thread finished: 秒杀用户 1-841
2026-09-07 23:08:06,409 INFO o.a.j.t.JMeterThread: Thread started: 秒杀用户 1-847
2026-09-07 23:08:06,420 INFO o.a.j.t.JMeterThread: Thread is done: 秒杀用户 1-842
2026-09-07 23:08:06,420 INFO o.a.j.t.JMeterThread: Thread finished: 秒杀用户 1-842
2026-09-07 23:08:06,430 INFO o.a.j.t.JMeterThread: Thread started: 秒杀用户 1-848
2026-09-07 23:08:06,438 INFO o.a.j.t.JMeterThread: Thread is done: 秒杀用户 1-843
2026-09-07 23:08:06,438 INFO o.a.j.t.JMeterThread: Thread finished: 秒杀用户 1-843
2026-09-07 23:08:06,449 INFO o.a.j.t.JMeterThread: Thread started: 秒杀用户 1-849
2026-09-07 23:08:06,460 INFO o.a.j.t.JMeterThread: Thread is done: 秒杀用户 1-844
2026-09-07 23:08:06,460 INFO o.a.j.t.JMeterThread: Thread finished: 秒杀用户 1-844
2026-09-07 23:08:06,468 INFO o.a.j.t.JMeterThread: Thread started: 秒杀用户 1-850
2026-09-07 23:08:06,481 INFO o.a.j.t.JMeterThread: Thread is done: 秒杀用户 1-845
2026-09-07 23:08:06,481 INFO o.a.j.t.JMeterThread: Thread finished: 秒杀用户 1-845
2026-09-07 23:08:06,489 INFO o.a.j.t.JMeterThread: Thread started: 秒杀用户 1-851
2026-09-07 23:08:06,497 INFO o.a.j.t.JMeterThread: Thread is done: 秒杀用户 1-846
2026-09-07 23:08:06,497 INFO o.a.j.t.JMeterThread: Thread finished: 秒杀用户 1-846
2026-09-07 23:08:06,509 INFO o.a.j.t.JMeterThread: Thread started: 秒杀用户 1-852
2026-09-07 23:08:06,519 INFO o.a.j.t.JMeterThread: Thread is done: 秒杀用户 1-847
2026-09-07 23:08:06,519 INFO o.a.j.t.JMeterThread: Thread finished: 秒杀用户 1-847
2026-09-07 23:08:06,529 INFO o.a.j.t.JMeterThread: Thread started: 秒杀用户 1-853
2026-09-07 23:08:06,540 INFO o.a.j.t.JMeterThread: Thread is done: 秒杀用户 1-848
2026-09-07 23:08:06,540 INFO o.a.j.t.JMeterThread: Thread finished: 秒杀用户 1-848
2026-09-07 23:08:06,549 INFO o.a.j.t.JMeterThread: Thread started: 秒杀用户 1-854
2026-09-07 23:08:06,560 INFO o.a.j.t.JMeterThread: Thread is done: 秒杀用户 1-849
2026-09-07 23:08:06,560 INFO o.a.j.t.JMeterThread: Thread finished: 秒杀用户 1-849
2026-09-07 23:08:06,569 INFO o.a.j.t.JMeterThread: Thread started: 秒杀用户 1-855
2026-09-07 23:08:06,579 INFO o.a.j.t.JMeterThread: Thread is done: 秒杀用户 1-850
2026-09-07 23:08:06,579 INFO o.a.j.t.JMeterThread: Thread finished: 秒杀用户 1-850
2026-09-07 23:08:06,590 INFO o.a.j.t.JMeterThread: Thread started: 秒杀用户 1-856
2026-09-07 23:08:06,597 INFO o.a.j.t.JMeterThread: Thread is done: 秒杀用户 1-851
2026-09-07 23:08:06,597 INFO o.a.j.t.JMeterThread: Thread finished: 秒杀用户 1-851
2026-09-07 23:08:06,610 INFO o.a.j.t.JMeterThread: Thread started: 秒杀用户 1-857
2026-09-07 23:08:06,619 INFO o.a.j.t.JMeterThread: Thread is done: 秒杀用户 1-852
2026-09-07 23:08:06,619 INFO o.a.j.t.JMeterThread: Thread finished: 秒杀用户 1-852
2026-09-07 23:08:06,630 INFO o.a.j.t.JMeterThread: Thread started: 秒杀用户 1-858
2026-09-07 23:08:06,638 INFO o.a.j.t.JMeterThread: Thread is done: 秒杀用户 1-853
2026-09-07 23:08:06,638 INFO o.a.j.t.JMeterThread: Thread finished: 秒杀用户 1-853
2026-09-07 23:08:06,648 INFO o.a.j.t.JMeterThread: Thread started: 秒杀用户 1-859
2026-09-07 23:08:06,659 INFO o.a.j.t.JMeterThread: Thread is done: 秒杀用户 1-854
2026-09-07 23:08:06,659 INFO o.a.j.t.JMeterThread: Thread finished: 秒杀用户 1-854
2026-09-07 23:08:06,670 INFO o.a.j.t.JMeterThread: Thread started: 秒杀用户 1-860
2026-09-07 23:08:06,678 INFO o.a.j.t.JMeterThread: Thread is done: 秒杀用户 1-855
2026-09-07 23:08:06,679 INFO o.a.j.t.JMeterThread: Thread finished: 秒杀用户 1-855
2026-09-07 23:08:06,690 INFO o.a.j.t.JMeterThread: Thread started: 秒杀用户 1-861
2026-09-07 23:08:06,700 INFO o.a.j.t.JMeterThread: Thread is done: 秒杀用户 1-856
2026-09-07 23:08:06,700 INFO o.a.j.t.JMeterThread: Thread finished: 秒杀用户 1-856
2026-09-07 23:08:06,709 INFO o.a.j.t.JMeterThread: Thread started: 秒杀用户 1-862
2026-09-07 23:08:06,721 INFO o.a.j.t.JMeterThread: Thread is done: 秒杀用户 1-857
2026-09-07 23:08:06,721 INFO o.a.j.t.JMeterThread: Thread finished: 秒杀用户 1-857
2026-09-07 23:08:06,728 INFO o.a.j.t.JMeterThread: Thread started: 秒杀用户 1-863
2026-09-07 23:08:06,741 INFO o.a.j.t.JMeterThread: Thread is done: 秒杀用户 1-858
2026-09-07 23:08:06,741 INFO o.a.j.t.JMeterThread: Thread finished: 秒杀用户 1-858
2026-09-07 23:08:06,750 INFO o.a.j.t.JMeterThread: Thread started: 秒杀用户 1-864
2026-09-07 23:08:06,758 INFO o.a.j.t.JMeterThread: Thread is done: 秒杀用户 1-859
2026-09-07 23:08:06,758 INFO o.a.j.t.JMeterThread: Thread finished: 秒杀用户 1-859
2026-09-07 23:08:06,769 INFO o.a.j.t.JMeterThread: Thread started: 秒杀用户 1-865
2026-09-07 23:08:06,780 INFO o.a.j.t.JMeterThread: Thread is done: 秒杀用户 1-860
2026-09-07 23:08:06,780 INFO o.a.j.t.JMeterThread: Thread finished: 秒杀用户 1-860
2026-09-07 23:08:06,788 INFO o.a.j.t.JMeterThread: Thread started: 秒杀用户 1-866
2026-09-07 23:08:06,800 INFO o.a.j.t.JMeterThread: Thread is done: 秒杀用户 1-861
2026-09-07 23:08:06,801 INFO o.a.j.t.JMeterThread: Thread finished: 秒杀用户 1-861
2026-09-07 23:08:06,808 INFO o.a.j.t.JMeterThread: Thread started: 秒杀用户 1-867
2026-09-07 23:08:06,819 INFO o.a.j.t.JMeterThread: Thread is done: 秒杀用户 1-862
2026-09-07 23:08:06,819 INFO o.a.j.t.JMeterThread: Thread finished: 秒杀用户 1-862
2026-09-07 23:08:06,829 INFO o.a.j.t.JMeterThread: Thread started: 秒杀用户 1-868
2026-09-07 23:08:06,840 INFO o.a.j.t.JMeterThread: Thread is done: 秒杀用户 1-863
2026-09-07 23:08:06,840 INFO o.a.j.t.JMeterThread: Thread finished: 秒杀用户 1-863
2026-09-07 23:08:06,849 INFO o.a.j.t.JMeterThread: Thread started: 秒杀用户 1-869
2026-09-07 23:08:06,863 INFO o.a.j.t.JMeterThread: Thread is done: 秒杀用户 1-864
2026-09-07 23:08:06,863 INFO o.a.j.t.JMeterThread: Thread finished: 秒杀用户 1-864
2026-09-07 23:08:06,869 INFO o.a.j.t.JMeterThread: Thread started: 秒杀用户 1-870
2026-09-07 23:08:06,879 INFO o.a.j.t.JMeterThread: Thread is done: 秒杀用户 1-865
2026-09-07 23:08:06,879 INFO o.a.j.t.JMeterThread: Thread finished: 秒杀用户 1-865
2026-09-07 23:08:06,889 INFO o.a.j.t.JMeterThread: Thread started: 秒杀用户 1-871
2026-09-07 23:08:06,897 INFO o.a.j.t.JMeterThread: Thread is done: 秒杀用户 1-866
2026-09-07 23:08:06,897 INFO o.a.j.t.JMeterThread: Thread finished: 秒杀用户 1-866
2026-09-07 23:08:06,910 INFO o.a.j.t.JMeterThread: Thread started: 秒杀用户 1-872
2026-09-07 23:08:06,918 INFO o.a.j.t.JMeterThread: Thread is done: 秒杀用户 1-867
2026-09-07 23:08:06,918 INFO o.a.j.t.JMeterThread: Thread finished: 秒杀用户 1-867
2026-09-07 23:08:06,928 INFO o.a.j.t.JMeterThread: Thread started: 秒杀用户 1-873
2026-09-07 23:08:06,939 INFO o.a.j.t.JMeterThread: Thread is done: 秒杀用户 1-868
2026-09-07 23:08:06,939 INFO o.a.j.t.JMeterThread: Thread finished: 秒杀用户 1-868
2026-09-07 23:08:06,950 INFO o.a.j.t.JMeterThread: Thread started: 秒杀用户 1-874
2026-09-07 23:08:06,958 INFO o.a.j.t.JMeterThread: Thread is done: 秒杀用户 1-869
2026-09-07 23:08:06,958 INFO o.a.j.t.JMeterThread: Thread finished: 秒杀用户 1-869
2026-09-07 23:08:06,970 INFO o.a.j.t.JMeterThread: Thread started: 秒杀用户 1-875
2026-09-07 23:08:06,978 INFO o.a.j.t.JMeterThread: Thread is done: 秒杀用户 1-870
2026-09-07 23:08:06,978 INFO o.a.j.t.JMeterThread: Thread finished: 秒杀用户 1-870
2026-09-07 23:08:06,989 INFO o.a.j.t.JMeterThread: Thread started: 秒杀用户 1-876
2026-09-07 23:08:06,999 INFO o.a.j.t.JMeterThread: Thread is done: 秒杀用户 1-871
2026-09-07 23:08:06,999 INFO o.a.j.t.JMeterThread: Thread finished: 秒杀用户 1-871
2026-09-07 23:08:07,010 INFO o.a.j.t.JMeterThread: Thread started: 秒杀用户 1-877
2026-09-07 23:08:07,019 INFO o.a.j.t.JMeterThread: Thread is done: 秒杀用户 1-872
2026-09-07 23:08:07,019 INFO o.a.j.t.JMeterThread: Thread finished: 秒杀用户 1-872
2026-09-07 23:08:07,030 INFO o.a.j.t.JMeterThread: Thread started: 秒杀用户 1-878
2026-09-07 23:08:07,037 INFO o.a.j.t.JMeterThread: Thread is done: 秒杀用户 1-873
2026-09-07 23:08:07,038 INFO o.a.j.t.JMeterThread: Thread finished: 秒杀用户 1-873
2026-09-07 23:08:07,049 INFO o.a.j.t.JMeterThread: Thread started: 秒杀用户 1-879
2026-09-07 23:08:07,060 INFO o.a.j.t.JMeterThread: Thread is done: 秒杀用户 1-874
2026-09-07 23:08:07,060 INFO o.a.j.t.JMeterThread: Thread finished: 秒杀用户 1-874
2026-09-07 23:08:07,069 INFO o.a.j.t.JMeterThread: Thread started: 秒杀用户 1-880
2026-09-07 23:08:07,079 INFO o.a.j.t.JMeterThread: Thread is done: 秒杀用户 1-875
2026-09-07 23:08:07,079 INFO o.a.j.t.JMeterThread: Thread finished: 秒杀用户 1-875
2026-09-07 23:08:07,089 INFO o.a.j.t.JMeterThread: Thread started: 秒杀用户 1-881
2026-09-07 23:08:07,099 INFO o.a.j.t.JMeterThread: Thread is done: 秒杀用户 1-876
2026-09-07 23:08:07,099 INFO o.a.j.t.JMeterThread: Thread finished: 秒杀用户 1-876
2026-09-07 23:08:07,109 INFO o.a.j.t.JMeterThread: Thread started: 秒杀用户 1-882
2026-09-07 23:08:07,120 INFO o.a.j.t.JMeterThread: Thread is done: 秒杀用户 1-877
2026-09-07 23:08:07,120 INFO o.a.j.t.JMeterThread: Thread finished: 秒杀用户 1-877
2026-09-07 23:08:07,129 INFO o.a.j.t.JMeterThread: Thread started: 秒杀用户 1-883
2026-09-07 23:08:07,140 INFO o.a.j.t.JMeterThread: Thread is done: 秒杀用户 1-878
2026-09-07 23:08:07,140 INFO o.a.j.t.JMeterThread: Thread finished: 秒杀用户 1-878
2026-09-07 23:08:07,148 INFO o.a.j.t.JMeterThread: Thread started: 秒杀用户 1-884
2026-09-07 23:08:07,157 INFO o.a.j.t.JMeterThread: Thread is done: 秒杀用户 1-879
2026-09-07 23:08:07,158 INFO o.a.j.t.JMeterThread: Thread finished: 秒杀用户 1-879
2026-09-07 23:08:07,170 INFO o.a.j.t.JMeterThread: Thread started: 秒杀用户 1-885
2026-09-07 23:08:07,177 INFO o.a.j.t.JMeterThread: Thread is done: 秒杀用户 1-880
2026-09-07 23:08:07,177 INFO o.a.j.t.JMeterThread: Thread finished: 秒杀用户 1-880
2026-09-07 23:08:07,190 INFO o.a.j.t.JMeterThread: Thread started: 秒杀用户 1-886
2026-09-07 23:08:07,198 INFO o.a.j.t.JMeterThread: Thread is done: 秒杀用户 1-881
2026-09-07 23:08:07,198 INFO o.a.j.t.JMeterThread: Thread finished: 秒杀用户 1-881
2026-09-07 23:08:07,208 INFO o.a.j.t.JMeterThread: Thread started: 秒杀用户 1-887
2026-09-07 23:08:07,220 INFO o.a.j.t.JMeterThread: Thread is done: 秒杀用户 1-882
2026-09-07 23:08:07,220 INFO o.a.j.t.JMeterThread: Thread finished: 秒杀用户 1-882
2026-09-07 23:08:07,228 INFO o.a.j.t.JMeterThread: Thread started: 秒杀用户 1-888
2026-09-07 23:08:07,238 INFO o.a.j.t.JMeterThread: Thread is done: 秒杀用户 1-883
2026-09-07 23:08:07,238 INFO o.a.j.t.JMeterThread: Thread finished: 秒杀用户 1-883
2026-09-07 23:08:07,250 INFO o.a.j.t.JMeterThread: Thread started: 秒杀用户 1-889
2026-09-07 23:08:07,257 INFO o.a.j.t.JMeterThread: Thread is done: 秒杀用户 1-884
2026-09-07 23:08:07,257 INFO o.a.j.t.JMeterThread: Thread finished: 秒杀用户 1-884
2026-09-07 23:08:07,270 INFO o.a.j.t.JMeterThread: Thread started: 秒杀用户 1-890
2026-09-07 23:08:07,279 INFO o.a.j.t.JMeterThread: Thread is done: 秒杀用户 1-885
2026-09-07 23:08:07,279 INFO o.a.j.t.JMeterThread: Thread finished: 秒杀用户 1-885
2026-09-07 23:08:07,289 INFO o.a.j.t.JMeterThread: Thread started: 秒杀用户 1-891
2026-09-07 23:08:07,300 INFO o.a.j.t.JMeterThread: Thread is done: 秒杀用户 1-886
2026-09-07 23:08:07,300 INFO o.a.j.t.JMeterThread: Thread finished: 秒杀用户 1-886
2026-09-07 23:08:07,309 INFO o.a.j.t.JMeterThread: Thread started: 秒杀用户 1-892
2026-09-07 23:08:07,318 INFO o.a.j.t.JMeterThread: Thread is done: 秒杀用户 1-887
2026-09-07 23:08:07,319 INFO o.a.j.t.JMeterThread: Thread finished: 秒杀用户 1-887
2026-09-07 23:08:07,329 INFO o.a.j.t.JMeterThread: Thread started: 秒杀用户 1-893
2026-09-07 23:08:07,337 INFO o.a.j.t.JMeterThread: Thread is done: 秒杀用户 1-888
2026-09-07 23:08:07,337 INFO o.a.j.t.JMeterThread: Thread finished: 秒杀用户 1-888
2026-09-07 23:08:07,349 INFO o.a.j.t.JMeterThread: Thread started: 秒杀用户 1-894
2026-09-07 23:08:07,358 INFO o.a.j.t.JMeterThread: Thread is done: 秒杀用户 1-889
2026-09-07 23:08:07,358 INFO o.a.j.t.JMeterThread: Thread finished: 秒杀用户 1-889
2026-09-07 23:08:07,369 INFO o.a.j.t.JMeterThread: Thread started: 秒杀用户 1-895
2026-09-07 23:08:07,378 INFO o.a.j.t.JMeterThread: Thread is done: 秒杀用户 1-890
2026-09-07 23:08:07,378 INFO o.a.j.t.JMeterThread: Thread finished: 秒杀用户 1-890
2026-09-07 23:08:07,389 INFO o.a.j.t.JMeterThread: Thread started: 秒杀用户 1-896
2026-09-07 23:08:07,399 INFO o.a.j.t.JMeterThread: Thread is done: 秒杀用户 1-891
2026-09-07 23:08:07,399 INFO o.a.j.t.JMeterThread: Thread finished: 秒杀用户 1-891
2026-09-07 23:08:07,410 INFO o.a.j.t.JMeterThread: Thread started: 秒杀用户 1-897
2026-09-07 23:08:07,418 INFO o.a.j.t.JMeterThread: Thread is done: 秒杀用户 1-892
2026-09-07 23:08:07,418 INFO o.a.j.t.JMeterThread: Thread finished: 秒杀用户 1-892
2026-09-07 23:08:07,429 INFO o.a.j.t.JMeterThread: Thread started: 秒杀用户 1-898
2026-09-07 23:08:07,439 INFO o.a.j.t.JMeterThread: Thread is done: 秒杀用户 1-893
2026-09-07 23:08:07,439 INFO o.a.j.t.JMeterThread: Thread finished: 秒杀用户 1-893
2026-09-07 23:08:07,450 INFO o.a.j.t.JMeterThread: Thread started: 秒杀用户 1-899
2026-09-07 23:08:07,459 INFO o.a.j.t.JMeterThread: Thread is done: 秒杀用户 1-894
2026-09-07 23:08:07,459 INFO o.a.j.t.JMeterThread: Thread finished: 秒杀用户 1-894
2026-09-07 23:08:07,470 INFO o.a.j.t.JMeterThread: Thread started: 秒杀用户 1-900
2026-09-07 23:08:07,478 INFO o.a.j.t.JMeterThread: Thread is done: 秒杀用户 1-895
2026-09-07 23:08:07,478 INFO o.a.j.t.JMeterThread: Thread finished: 秒杀用户 1-895
2026-09-07 23:08:07,489 INFO o.a.j.t.JMeterThread: Thread started: 秒杀用户 1-901
2026-09-07 23:08:07,499 INFO o.a.j.t.JMeterThread: Thread is done: 秒杀用户 1-896
2026-09-07 23:08:07,499 INFO o.a.j.t.JMeterThread: Thread finished: 秒杀用户 1-896
2026-09-07 23:08:07,510 INFO o.a.j.t.JMeterThread: Thread started: 秒杀用户 1-902
2026-09-07 23:08:07,519 INFO o.a.j.t.JMeterThread: Thread is done: 秒杀用户 1-897
2026-09-07 23:08:07,519 INFO o.a.j.t.JMeterThread: Thread finished: 秒杀用户 1-897
2026-09-07 23:08:07,530 INFO o.a.j.t.JMeterThread: Thread started: 秒杀用户 1-903
2026-09-07 23:08:07,538 INFO o.a.j.t.JMeterThread: Thread is done: 秒杀用户 1-898
2026-09-07 23:08:07,538 INFO o.a.j.t.JMeterThread: Thread finished: 秒杀用户 1-898
2026-09-07 23:08:07,549 INFO o.a.j.t.JMeterThread: Thread started: 秒杀用户 1-904
2026-09-07 23:08:07,559 INFO o.a.j.t.JMeterThread: Thread is done: 秒杀用户 1-899
2026-09-07 23:08:07,559 INFO o.a.j.t.JMeterThread: Thread finished: 秒杀用户 1-899
2026-09-07 23:08:07,568 INFO o.a.j.t.JMeterThread: Thread started: 秒杀用户 1-905
2026-09-07 23:08:07,580 INFO o.a.j.t.JMeterThread: Thread is done: 秒杀用户 1-900
2026-09-07 23:08:07,580 INFO o.a.j.t.JMeterThread: Thread finished: 秒杀用户 1-900
2026-09-07 23:08:07,590 INFO o.a.j.t.JMeterThread: Thread started: 秒杀用户 1-906
2026-09-07 23:08:07,598 INFO o.a.j.t.JMeterThread: Thread is done: 秒杀用户 1-901
2026-09-07 23:08:07,598 INFO o.a.j.t.JMeterThread: Thread finished: 秒杀用户 1-901
2026-09-07 23:08:07,610 INFO o.a.j.t.JMeterThread: Thread started: 秒杀用户 1-907
2026-09-07 23:08:07,619 INFO o.a.j.t.JMeterThread: Thread is done: 秒杀用户 1-902
2026-09-07 23:08:07,619 INFO o.a.j.t.JMeterThread: Thread finished: 秒杀用户 1-902
2026-09-07 23:08:07,629 INFO o.a.j.t.JMeterThread: Thread started: 秒杀用户 1-908
2026-09-07 23:08:07,640 INFO o.a.j.t.JMeterThread: Thread is done: 秒杀用户 1-903
2026-09-07 23:08:07,640 INFO o.a.j.t.JMeterThread: Thread finished: 秒杀用户 1-903
2026-09-07 23:08:07,649 INFO o.a.j.t.JMeterThread: Thread started: 秒杀用户 1-909
2026-09-07 23:08:07,657 INFO o.a.j.t.JMeterThread: Thread is done: 秒杀用户 1-904
2026-09-07 23:08:07,657 INFO o.a.j.t.JMeterThread: Thread finished: 秒杀用户 1-904
2026-09-07 23:08:07,670 INFO o.a.j.t.JMeterThread: Thread started: 秒杀用户 1-910
2026-09-07 23:08:07,678 INFO o.a.j.t.JMeterThread: Thread is done: 秒杀用户 1-905
2026-09-07 23:08:07,678 INFO o.a.j.t.JMeterThread: Thread finished: 秒杀用户 1-905
2026-09-07 23:08:07,690 INFO o.a.j.t.JMeterThread: Thread started: 秒杀用户 1-911
2026-09-07 23:08:07,698 INFO o.a.j.t.JMeterThread: Thread is done: 秒杀用户 1-906
2026-09-07 23:08:07,698 INFO o.a.j.t.JMeterThread: Thread finished: 秒杀用户 1-906
2026-09-07 23:08:07,709 INFO o.a.j.t.JMeterThread: Thread started: 秒杀用户 1-912
2026-09-07 23:08:07,719 INFO o.a.j.t.JMeterThread: Thread is done: 秒杀用户 1-907
2026-09-07 23:08:07,719 INFO o.a.j.t.JMeterThread: Thread finished: 秒杀用户 1-907
2026-09-07 23:08:07,729 INFO o.a.j.t.JMeterThread: Thread started: 秒杀用户 1-913
2026-09-07 23:08:07,738 INFO o.a.j.t.JMeterThread: Thread is done: 秒杀用户 1-908
2026-09-07 23:08:07,738 INFO o.a.j.t.JMeterThread: Thread finished: 秒杀用户 1-908
2026-09-07 23:08:07,750 INFO o.a.j.t.JMeterThread: Thread started: 秒杀用户 1-914
2026-09-07 23:08:07,758 INFO o.a.j.t.JMeterThread: Thread is done: 秒杀用户 1-909
2026-09-07 23:08:07,758 INFO o.a.j.t.JMeterThread: Thread finished: 秒杀用户 1-909
2026-09-07 23:08:07,770 INFO o.a.j.t.JMeterThread: Thread started: 秒杀用户 1-915
2026-09-07 23:08:07,779 INFO o.a.j.t.JMeterThread: Thread is done: 秒杀用户 1-910
2026-09-07 23:08:07,779 INFO o.a.j.t.JMeterThread: Thread finished: 秒杀用户 1-910
2026-09-07 23:08:07,789 INFO o.a.j.t.JMeterThread: Thread started: 秒杀用户 1-916
2026-09-07 23:08:07,802 INFO o.a.j.t.JMeterThread: Thread is done: 秒杀用户 1-911
2026-09-07 23:08:07,802 INFO o.a.j.t.JMeterThread: Thread finished: 秒杀用户 1-911
2026-09-07 23:08:07,809 INFO o.a.j.t.JMeterThread: Thread started: 秒杀用户 1-917
2026-09-07 23:08:07,819 INFO o.a.j.t.JMeterThread: Thread is done: 秒杀用户 1-912
2026-09-07 23:08:07,819 INFO o.a.j.t.JMeterThread: Thread finished: 秒杀用户 1-912
2026-09-07 23:08:07,830 INFO o.a.j.t.JMeterThread: Thread started: 秒杀用户 1-918
2026-09-07 23:08:07,837 INFO o.a.j.t.JMeterThread: Thread is done: 秒杀用户 1-913
2026-09-07 23:08:07,837 INFO o.a.j.t.JMeterThread: Thread finished: 秒杀用户 1-913
2026-09-07 23:08:07,850 INFO o.a.j.t.JMeterThread: Thread started: 秒杀用户 1-919
2026-09-07 23:08:07,858 INFO o.a.j.t.JMeterThread: Thread is done: 秒杀用户 1-914
2026-09-07 23:08:07,858 INFO o.a.j.t.JMeterThread: Thread finished: 秒杀用户 1-914
2026-09-07 23:08:07,869 INFO o.a.j.t.JMeterThread: Thread started: 秒杀用户 1-920
2026-09-07 23:08:07,881 INFO o.a.j.t.JMeterThread: Thread is done: 秒杀用户 1-915
2026-09-07 23:08:07,881 INFO o.a.j.t.JMeterThread: Thread finished: 秒杀用户 1-915
2026-09-07 23:08:07,890 INFO o.a.j.t.JMeterThread: Thread started: 秒杀用户 1-921
2026-09-07 23:08:07,899 INFO o.a.j.t.JMeterThread: Thread is done: 秒杀用户 1-916
2026-09-07 23:08:07,899 INFO o.a.j.t.JMeterThread: Thread finished: 秒杀用户 1-916
2026-09-07 23:08:07,910 INFO o.a.j.t.JMeterThread: Thread started: 秒杀用户 1-922
2026-09-07 23:08:07,917 INFO o.a.j.t.JMeterThread: Thread is done: 秒杀用户 1-917
2026-09-07 23:08:07,917 INFO o.a.j.t.JMeterThread: Thread finished: 秒杀用户 1-917
2026-09-07 23:08:07,930 INFO o.a.j.t.JMeterThread: Thread started: 秒杀用户 1-923
2026-09-07 23:08:07,941 INFO o.a.j.t.JMeterThread: Thread is done: 秒杀用户 1-918
2026-09-07 23:08:07,941 INFO o.a.j.t.JMeterThread: Thread finished: 秒杀用户 1-918
2026-09-07 23:08:07,949 INFO o.a.j.t.JMeterThread: Thread started: 秒杀用户 1-924
2026-09-07 23:08:07,960 INFO o.a.j.t.JMeterThread: Thread is done: 秒杀用户 1-919
2026-09-07 23:08:07,960 INFO o.a.j.t.JMeterThread: Thread finished: 秒杀用户 1-919
2026-09-07 23:08:07,968 INFO o.a.j.t.JMeterThread: Thread started: 秒杀用户 1-925
2026-09-07 23:08:07,978 INFO o.a.j.t.JMeterThread: Thread is done: 秒杀用户 1-920
2026-09-07 23:08:07,978 INFO o.a.j.t.JMeterThread: Thread finished: 秒杀用户 1-920
2026-09-07 23:08:07,990 INFO o.a.j.t.JMeterThread: Thread started: 秒杀用户 1-926
2026-09-07 23:08:07,999 INFO o.a.j.t.JMeterThread: Thread is done: 秒杀用户 1-921
2026-09-07 23:08:07,999 INFO o.a.j.t.JMeterThread: Thread finished: 秒杀用户 1-921
2026-09-07 23:08:08,009 INFO o.a.j.t.JMeterThread: Thread started: 秒杀用户 1-927
2026-09-07 23:08:08,018 INFO o.a.j.t.JMeterThread: Thread is done: 秒杀用户 1-922
2026-09-07 23:08:08,018 INFO o.a.j.t.JMeterThread: Thread finished: 秒杀用户 1-922
2026-09-07 23:08:08,029 INFO o.a.j.t.JMeterThread: Thread started: 秒杀用户 1-928
2026-09-07 23:08:08,038 INFO o.a.j.t.JMeterThread: Thread is done: 秒杀用户 1-923
2026-09-07 23:08:08,038 INFO o.a.j.t.JMeterThread: Thread finished: 秒杀用户 1-923
2026-09-07 23:08:08,049 INFO o.a.j.t.JMeterThread: Thread started: 秒杀用户 1-929
2026-09-07 23:08:08,057 INFO o.a.j.t.JMeterThread: Thread is done: 秒杀用户 1-924
2026-09-07 23:08:08,058 INFO o.a.j.t.JMeterThread: Thread finished: 秒杀用户 1-924
2026-09-07 23:08:08,069 INFO o.a.j.t.JMeterThread: Thread started: 秒杀用户 1-930
2026-09-07 23:08:08,079 INFO o.a.j.t.JMeterThread: Thread is done: 秒杀用户 1-925
2026-09-07 23:08:08,079 INFO o.a.j.t.JMeterThread: Thread finished: 秒杀用户 1-925
2026-09-07 23:08:08,091 INFO o.a.j.t.JMeterThread: Thread started: 秒杀用户 1-931
2026-09-07 23:08:08,101 INFO o.a.j.t.JMeterThread: Thread is done: 秒杀用户 1-926
2026-09-07 23:08:08,101 INFO o.a.j.t.JMeterThread: Thread finished: 秒杀用户 1-926
2026-09-07 23:08:08,109 INFO o.a.j.t.JMeterThread: Thread started: 秒杀用户 1-932
2026-09-07 23:08:08,120 INFO o.a.j.t.JMeterThread: Thread is done: 秒杀用户 1-927
2026-09-07 23:08:08,121 INFO o.a.j.t.JMeterThread: Thread finished: 秒杀用户 1-927
2026-09-07 23:08:08,129 INFO o.a.j.t.JMeterThread: Thread started: 秒杀用户 1-933
2026-09-07 23:08:08,140 INFO o.a.j.t.JMeterThread: Thread is done: 秒杀用户 1-928
2026-09-07 23:08:08,140 INFO o.a.j.t.JMeterThread: Thread finished: 秒杀用户 1-928
2026-09-07 23:08:08,150 INFO o.a.j.t.JMeterThread: Thread started: 秒杀用户 1-934
2026-09-07 23:08:08,158 INFO o.a.j.t.JMeterThread: Thread is done: 秒杀用户 1-929
2026-09-07 23:08:08,158 INFO o.a.j.t.JMeterThread: Thread finished: 秒杀用户 1-929
2026-09-07 23:08:08,169 INFO o.a.j.t.JMeterThread: Thread started: 秒杀用户 1-935
2026-09-07 23:08:08,178 INFO o.a.j.t.JMeterThread: Thread is done: 秒杀用户 1-930
2026-09-07 23:08:08,178 INFO o.a.j.t.JMeterThread: Thread finished: 秒杀用户 1-930
2026-09-07 23:08:08,190 INFO o.a.j.t.JMeterThread: Thread started: 秒杀用户 1-936
2026-09-07 23:08:08,202 INFO o.a.j.t.JMeterThread: Thread is done: 秒杀用户 1-931
2026-09-07 23:08:08,202 INFO o.a.j.t.JMeterThread: Thread finished: 秒杀用户 1-931
2026-09-07 23:08:08,211 INFO o.a.j.t.JMeterThread: Thread started: 秒杀用户 1-937
2026-09-07 23:08:08,220 INFO o.a.j.t.JMeterThread: Thread is done: 秒杀用户 1-932
2026-09-07 23:08:08,220 INFO o.a.j.t.JMeterThread: Thread finished: 秒杀用户 1-932
2026-09-07 23:08:08,229 INFO o.a.j.t.JMeterThread: Thread started: 秒杀用户 1-938
2026-09-07 23:08:08,238 INFO o.a.j.t.JMeterThread: Thread is done: 秒杀用户 1-933
2026-09-07 23:08:08,238 INFO o.a.j.t.JMeterThread: Thread finished: 秒杀用户 1-933
2026-09-07 23:08:08,248 INFO o.a.j.t.JMeterThread: Thread started: 秒杀用户 1-939
2026-09-07 23:08:08,260 INFO o.a.j.t.JMeterThread: Thread is done: 秒杀用户 1-934
2026-09-07 23:08:08,260 INFO o.a.j.t.JMeterThread: Thread finished: 秒杀用户 1-934
2026-09-07 23:08:08,269 INFO o.a.j.t.JMeterThread: Thread started: 秒杀用户 1-940
2026-09-07 23:08:08,279 INFO o.a.j.t.JMeterThread: Thread is done: 秒杀用户 1-935
2026-09-07 23:08:08,279 INFO o.a.j.t.JMeterThread: Thread finished: 秒杀用户 1-935
2026-09-07 23:08:08,290 INFO o.a.j.t.JMeterThread: Thread started: 秒杀用户 1-941
2026-09-07 23:08:08,299 INFO o.a.j.t.JMeterThread: Thread is done: 秒杀用户 1-936
2026-09-07 23:08:08,299 INFO o.a.j.t.JMeterThread: Thread finished: 秒杀用户 1-936
2026-09-07 23:08:08,309 INFO o.a.j.t.JMeterThread: Thread started: 秒杀用户 1-942
2026-09-07 23:08:08,320 INFO o.a.j.t.JMeterThread: Thread is done: 秒杀用户 1-937
2026-09-07 23:08:08,320 INFO o.a.j.t.JMeterThread: Thread finished: 秒杀用户 1-937
2026-09-07 23:08:08,328 INFO o.a.j.t.JMeterThread: Thread started: 秒杀用户 1-943
2026-09-07 23:08:08,338 INFO o.a.j.t.JMeterThread: Thread is done: 秒杀用户 1-938
2026-09-07 23:08:08,338 INFO o.a.j.t.JMeterThread: Thread finished: 秒杀用户 1-938
2026-09-07 23:08:08,351 INFO o.a.j.t.JMeterThread: Thread started: 秒杀用户 1-944
2026-09-07 23:08:08,360 INFO o.a.j.t.JMeterThread: Thread is done: 秒杀用户 1-939
2026-09-07 23:08:08,360 INFO o.a.j.t.JMeterThread: Thread finished: 秒杀用户 1-939
2026-09-07 23:08:08,369 INFO o.a.j.t.JMeterThread: Thread started: 秒杀用户 1-945
2026-09-07 23:08:08,379 INFO o.a.j.t.JMeterThread: Thread is done: 秒杀用户 1-940
2026-09-07 23:08:08,379 INFO o.a.j.t.JMeterThread: Thread finished: 秒杀用户 1-940
2026-09-07 23:08:08,388 INFO o.a.j.t.JMeterThread: Thread started: 秒杀用户 1-946
2026-09-07 23:08:08,400 INFO o.a.j.t.JMeterThread: Thread is done: 秒杀用户 1-941
2026-09-07 23:08:08,400 INFO o.a.j.t.JMeterThread: Thread finished: 秒杀用户 1-941
2026-09-07 23:08:08,408 INFO o.a.j.t.JMeterThread: Thread started: 秒杀用户 1-947
2026-09-07 23:08:08,420 INFO o.a.j.t.JMeterThread: Thread is done: 秒杀用户 1-942
2026-09-07 23:08:08,420 INFO o.a.j.t.JMeterThread: Thread finished: 秒杀用户 1-942
2026-09-07 23:08:08,429 INFO o.a.j.t.JMeterThread: Thread started: 秒杀用户 1-948
2026-09-07 23:08:08,438 INFO o.a.j.t.JMeterThread: Thread is done: 秒杀用户 1-943
2026-09-07 23:08:08,438 INFO o.a.j.t.JMeterThread: Thread finished: 秒杀用户 1-943
2026-09-07 23:08:08,449 INFO o.a.j.t.JMeterThread: Thread started: 秒杀用户 1-949
2026-09-07 23:08:08,461 INFO o.a.j.t.JMeterThread: Thread is done: 秒杀用户 1-944
2026-09-07 23:08:08,461 INFO o.a.j.t.JMeterThread: Thread finished: 秒杀用户 1-944
2026-09-07 23:08:08,469 INFO o.a.j.t.JMeterThread: Thread started: 秒杀用户 1-950
2026-09-07 23:08:08,477 INFO o.a.j.t.JMeterThread: Thread is done: 秒杀用户 1-945
2026-09-07 23:08:08,477 INFO o.a.j.t.JMeterThread: Thread finished: 秒杀用户 1-945
2026-09-07 23:08:08,489 INFO o.a.j.t.JMeterThread: Thread started: 秒杀用户 1-951
2026-09-07 23:08:08,498 INFO o.a.j.t.JMeterThread: Thread is done: 秒杀用户 1-946
2026-09-07 23:08:08,498 INFO o.a.j.t.JMeterThread: Thread finished: 秒杀用户 1-946
2026-09-07 23:08:08,509 INFO o.a.j.t.JMeterThread: Thread started: 秒杀用户 1-952
2026-09-07 23:08:08,516 INFO o.a.j.t.JMeterThread: Thread is done: 秒杀用户 1-947
2026-09-07 23:08:08,516 INFO o.a.j.t.JMeterThread: Thread finished: 秒杀用户 1-947
2026-09-07 23:08:08,528 INFO o.a.j.t.JMeterThread: Thread started: 秒杀用户 1-953
2026-09-07 23:08:08,539 INFO o.a.j.t.JMeterThread: Thread is done: 秒杀用户 1-948
2026-09-07 23:08:08,539 INFO o.a.j.t.JMeterThread: Thread finished: 秒杀用户 1-948
2026-09-07 23:08:08,550 INFO o.a.j.t.JMeterThread: Thread started: 秒杀用户 1-954
2026-09-07 23:08:08,557 INFO o.a.j.t.JMeterThread: Thread is done: 秒杀用户 1-949
2026-09-07 23:08:08,557 INFO o.a.j.t.JMeterThread: Thread finished: 秒杀用户 1-949
2026-09-07 23:08:08,569 INFO o.a.j.t.JMeterThread: Thread started: 秒杀用户 1-955
2026-09-07 23:08:08,577 INFO o.a.j.t.JMeterThread: Thread is done: 秒杀用户 1-950
2026-09-07 23:08:08,577 INFO o.a.j.t.JMeterThread: Thread finished: 秒杀用户 1-950
2026-09-07 23:08:08,588 INFO o.a.j.t.JMeterThread: Thread started: 秒杀用户 1-956
2026-09-07 23:08:08,599 INFO o.a.j.t.JMeterThread: Thread is done: 秒杀用户 1-951
2026-09-07 23:08:08,599 INFO o.a.j.t.JMeterThread: Thread finished: 秒杀用户 1-951
2026-09-07 23:08:08,609 INFO o.a.j.t.JMeterThread: Thread started: 秒杀用户 1-957
2026-09-07 23:08:08,618 INFO o.a.j.t.JMeterThread: Thread is done: 秒杀用户 1-952
2026-09-07 23:08:08,618 INFO o.a.j.t.JMeterThread: Thread finished: 秒杀用户 1-952
2026-09-07 23:08:08,630 INFO o.a.j.t.JMeterThread: Thread started: 秒杀用户 1-958
2026-09-07 23:08:08,639 INFO o.a.j.t.JMeterThread: Thread is done: 秒杀用户 1-953
2026-09-07 23:08:08,639 INFO o.a.j.t.JMeterThread: Thread finished: 秒杀用户 1-953
2026-09-07 23:08:08,649 INFO o.a.j.t.JMeterThread: Thread started: 秒杀用户 1-959
2026-09-07 23:08:08,660 INFO o.a.j.t.JMeterThread: Thread is done: 秒杀用户 1-954
2026-09-07 23:08:08,660 INFO o.a.j.t.JMeterThread: Thread finished: 秒杀用户 1-954
2026-09-07 23:08:08,669 INFO o.a.j.t.JMeterThread: Thread started: 秒杀用户 1-960
2026-09-07 23:08:08,679 INFO o.a.j.t.JMeterThread: Thread is done: 秒杀用户 1-955
2026-09-07 23:08:08,679 INFO o.a.j.t.JMeterThread: Thread finished: 秒杀用户 1-955
2026-09-07 23:08:08,688 INFO o.a.j.t.JMeterThread: Thread started: 秒杀用户 1-961
2026-09-07 23:08:08,698 INFO o.a.j.t.JMeterThread: Thread is done: 秒杀用户 1-956
2026-09-07 23:08:08,699 INFO o.a.j.t.JMeterThread: Thread finished: 秒杀用户 1-956
2026-09-07 23:08:08,709 INFO o.a.j.t.JMeterThread: Thread started: 秒杀用户 1-962
2026-09-07 23:08:08,719 INFO o.a.j.t.JMeterThread: Thread is done: 秒杀用户 1-957
2026-09-07 23:08:08,719 INFO o.a.j.t.JMeterThread: Thread finished: 秒杀用户 1-957
2026-09-07 23:08:08,728 INFO o.a.j.t.JMeterThread: Thread started: 秒杀用户 1-963
2026-09-07 23:08:08,740 INFO o.a.j.t.JMeterThread: Thread is done: 秒杀用户 1-958
2026-09-07 23:08:08,740 INFO o.a.j.t.JMeterThread: Thread finished: 秒杀用户 1-958
2026-09-07 23:08:08,750 INFO o.a.j.t.JMeterThread: Thread started: 秒杀用户 1-964
2026-09-07 23:08:08,760 INFO o.a.j.t.JMeterThread: Thread is done: 秒杀用户 1-959
2026-09-07 23:08:08,760 INFO o.a.j.t.JMeterThread: Thread finished: 秒杀用户 1-959
2026-09-07 23:08:08,770 INFO o.a.j.t.JMeterThread: Thread started: 秒杀用户 1-965
2026-09-07 23:08:08,779 INFO o.a.j.t.JMeterThread: Thread is done: 秒杀用户 1-960
2026-09-07 23:08:08,779 INFO o.a.j.t.JMeterThread: Thread finished: 秒杀用户 1-960
2026-09-07 23:08:08,788 INFO o.a.j.t.JMeterThread: Thread started: 秒杀用户 1-966
2026-09-07 23:08:08,799 INFO o.a.j.t.JMeterThread: Thread is done: 秒杀用户 1-961
2026-09-07 23:08:08,799 INFO o.a.j.t.JMeterThread: Thread finished: 秒杀用户 1-961
2026-09-07 23:08:08,809 INFO o.a.j.t.JMeterThread: Thread started: 秒杀用户 1-967
2026-09-07 23:08:08,820 INFO o.a.j.t.JMeterThread: Thread is done: 秒杀用户 1-962
2026-09-07 23:08:08,820 INFO o.a.j.t.JMeterThread: Thread finished: 秒杀用户 1-962
2026-09-07 23:08:08,830 INFO o.a.j.t.JMeterThread: Thread started: 秒杀用户 1-968
2026-09-07 23:08:08,838 INFO o.a.j.t.JMeterThread: Thread is done: 秒杀用户 1-963
2026-09-07 23:08:08,838 INFO o.a.j.t.JMeterThread: Thread finished: 秒杀用户 1-963
2026-09-07 23:08:08,849 INFO o.a.j.t.JMeterThread: Thread started: 秒杀用户 1-969
2026-09-07 23:08:08,859 INFO o.a.j.t.JMeterThread: Thread is done: 秒杀用户 1-964
2026-09-07 23:08:08,859 INFO o.a.j.t.JMeterThread: Thread finished: 秒杀用户 1-964
2026-09-07 23:08:08,868 INFO o.a.j.t.JMeterThread: Thread started: 秒杀用户 1-970
2026-09-07 23:08:08,880 INFO o.a.j.t.JMeterThread: Thread is done: 秒杀用户 1-965
2026-09-07 23:08:08,880 INFO o.a.j.t.JMeterThread: Thread finished: 秒杀用户 1-965
2026-09-07 23:08:08,889 INFO o.a.j.t.JMeterThread: Thread started: 秒杀用户 1-971
2026-09-07 23:08:08,897 INFO o.a.j.t.JMeterThread: Thread is done: 秒杀用户 1-966
2026-09-07 23:08:08,897 INFO o.a.j.t.JMeterThread: Thread finished: 秒杀用户 1-966
2026-09-07 23:08:08,908 INFO o.a.j.t.JMeterThread: Thread started: 秒杀用户 1-972
2026-09-07 23:08:08,919 INFO o.a.j.t.JMeterThread: Thread is done: 秒杀用户 1-967
2026-09-07 23:08:08,920 INFO o.a.j.t.JMeterThread: Thread finished: 秒杀用户 1-967
2026-09-07 23:08:08,929 INFO o.a.j.t.JMeterThread: Thread started: 秒杀用户 1-973
2026-09-07 23:08:08,939 INFO o.a.j.t.JMeterThread: Thread is done: 秒杀用户 1-968
2026-09-07 23:08:08,939 INFO o.a.j.t.JMeterThread: Thread finished: 秒杀用户 1-968
2026-09-07 23:08:08,948 INFO o.a.j.t.JMeterThread: Thread started: 秒杀用户 1-974
2026-09-07 23:08:08,958 INFO o.a.j.t.JMeterThread: Thread is done: 秒杀用户 1-969
2026-09-07 23:08:08,958 INFO o.a.j.t.JMeterThread: Thread finished: 秒杀用户 1-969
2026-09-07 23:08:08,969 INFO o.a.j.t.JMeterThread: Thread started: 秒杀用户 1-975
2026-09-07 23:08:08,977 INFO o.a.j.t.JMeterThread: Thread is done: 秒杀用户 1-970
2026-09-07 23:08:08,977 INFO o.a.j.t.JMeterThread: Thread finished: 秒杀用户 1-970
2026-09-07 23:08:08,988 INFO o.a.j.t.JMeterThread: Thread started: 秒杀用户 1-976
2026-09-07 23:08:08,998 INFO o.a.j.t.JMeterThread: Thread is done: 秒杀用户 1-971
2026-09-07 23:08:08,998 INFO o.a.j.t.JMeterThread: Thread finished: 秒杀用户 1-971
2026-09-07 23:08:09,009 INFO o.a.j.t.JMeterThread: Thread started: 秒杀用户 1-977
2026-09-07 23:08:09,018 INFO o.a.j.t.JMeterThread: Thread is done: 秒杀用户 1-972
2026-09-07 23:08:09,018 INFO o.a.j.t.JMeterThread: Thread finished: 秒杀用户 1-972
2026-09-07 23:08:09,030 INFO o.a.j.t.JMeterThread: Thread started: 秒杀用户 1-978
2026-09-07 23:08:09,039 INFO o.a.j.t.JMeterThread: Thread is done: 秒杀用户 1-973
2026-09-07 23:08:09,039 INFO o.a.j.t.JMeterThread: Thread finished: 秒杀用户 1-973
2026-09-07 23:08:09,049 INFO o.a.j.t.JMeterThread: Thread started: 秒杀用户 1-979
2026-09-07 23:08:09,057 INFO o.a.j.t.JMeterThread: Thread is done: 秒杀用户 1-974
2026-09-07 23:08:09,058 INFO o.a.j.t.JMeterThread: Thread finished: 秒杀用户 1-974
2026-09-07 23:08:09,069 INFO o.a.j.t.JMeterThread: Thread started: 秒杀用户 1-980
2026-09-07 23:08:09,080 INFO o.a.j.t.JMeterThread: Thread is done: 秒杀用户 1-975
2026-09-07 23:08:09,080 INFO o.a.j.t.JMeterThread: Thread finished: 秒杀用户 1-975
2026-09-07 23:08:09,089 INFO o.a.j.t.JMeterThread: Thread started: 秒杀用户 1-981
2026-09-07 23:08:09,100 INFO o.a.j.t.JMeterThread: Thread is done: 秒杀用户 1-976
2026-09-07 23:08:09,100 INFO o.a.j.t.JMeterThread: Thread finished: 秒杀用户 1-976
2026-09-07 23:08:09,110 INFO o.a.j.t.JMeterThread: Thread started: 秒杀用户 1-982
2026-09-07 23:08:09,119 INFO o.a.j.t.JMeterThread: Thread is done: 秒杀用户 1-977
2026-09-07 23:08:09,120 INFO o.a.j.t.JMeterThread: Thread finished: 秒杀用户 1-977
2026-09-07 23:08:09,130 INFO o.a.j.t.JMeterThread: Thread started: 秒杀用户 1-983
2026-09-07 23:08:09,140 INFO o.a.j.t.JMeterThread: Thread is done: 秒杀用户 1-978
2026-09-07 23:08:09,140 INFO o.a.j.t.JMeterThread: Thread finished: 秒杀用户 1-978
2026-09-07 23:08:09,149 INFO o.a.j.t.JMeterThread: Thread started: 秒杀用户 1-984
2026-09-07 23:08:09,160 INFO o.a.j.t.JMeterThread: Thread is done: 秒杀用户 1-979
2026-09-07 23:08:09,160 INFO o.a.j.t.JMeterThread: Thread finished: 秒杀用户 1-979
2026-09-07 23:08:09,170 INFO o.a.j.t.JMeterThread: Thread started: 秒杀用户 1-985
2026-09-07 23:08:09,177 INFO o.a.j.t.JMeterThread: Thread is done: 秒杀用户 1-980
2026-09-07 23:08:09,177 INFO o.a.j.t.JMeterThread: Thread finished: 秒杀用户 1-980
2026-09-07 23:08:09,190 INFO o.a.j.t.JMeterThread: Thread started: 秒杀用户 1-986
2026-09-07 23:08:09,200 INFO o.a.j.t.JMeterThread: Thread is done: 秒杀用户 1-981
2026-09-07 23:08:09,200 INFO o.a.j.t.JMeterThread: Thread finished: 秒杀用户 1-981
2026-09-07 23:08:09,209 INFO o.a.j.t.JMeterThread: Thread started: 秒杀用户 1-987
2026-09-07 23:08:09,220 INFO o.a.j.t.JMeterThread: Thread is done: 秒杀用户 1-982
2026-09-07 23:08:09,220 INFO o.a.j.t.JMeterThread: Thread finished: 秒杀用户 1-982
2026-09-07 23:08:09,229 INFO o.a.j.t.JMeterThread: Thread started: 秒杀用户 1-988
2026-09-07 23:08:09,240 INFO o.a.j.t.JMeterThread: Thread is done: 秒杀用户 1-983
2026-09-07 23:08:09,240 INFO o.a.j.t.JMeterThread: Thread finished: 秒杀用户 1-983
2026-09-07 23:08:09,249 INFO o.a.j.t.JMeterThread: Thread started: 秒杀用户 1-989
2026-09-07 23:08:09,258 INFO o.a.j.t.JMeterThread: Thread is done: 秒杀用户 1-984
2026-09-07 23:08:09,258 INFO o.a.j.t.JMeterThread: Thread finished: 秒杀用户 1-984
2026-09-07 23:08:09,269 INFO o.a.j.t.JMeterThread: Thread started: 秒杀用户 1-990
2026-09-07 23:08:09,280 INFO o.a.j.t.JMeterThread: Thread is done: 秒杀用户 1-985
2026-09-07 23:08:09,280 INFO o.a.j.t.JMeterThread: Thread finished: 秒杀用户 1-985
2026-09-07 23:08:09,289 INFO o.a.j.t.JMeterThread: Thread started: 秒杀用户 1-991
2026-09-07 23:08:09,301 INFO o.a.j.t.JMeterThread: Thread is done: 秒杀用户 1-986
2026-09-07 23:08:09,301 INFO o.a.j.t.JMeterThread: Thread finished: 秒杀用户 1-986
2026-09-07 23:08:09,310 INFO o.a.j.t.JMeterThread: Thread started: 秒杀用户 1-992
2026-09-07 23:08:09,320 INFO o.a.j.t.JMeterThread: Thread is done: 秒杀用户 1-987
2026-09-07 23:08:09,321 INFO o.a.j.t.JMeterThread: Thread finished: 秒杀用户 1-987
2026-09-07 23:08:09,329 INFO o.a.j.t.JMeterThread: Thread started: 秒杀用户 1-993
2026-09-07 23:08:09,339 INFO o.a.j.t.JMeterThread: Thread is done: 秒杀用户 1-988
2026-09-07 23:08:09,339 INFO o.a.j.t.JMeterThread: Thread finished: 秒杀用户 1-988
2026-09-07 23:08:09,348 INFO o.a.j.t.JMeterThread: Thread started: 秒杀用户 1-994
2026-09-07 23:08:09,359 INFO o.a.j.t.JMeterThread: Thread is done: 秒杀用户 1-989
2026-09-07 23:08:09,359 INFO o.a.j.t.JMeterThread: Thread finished: 秒杀用户 1-989
2026-09-07 23:08:09,368 INFO o.a.j.t.JMeterThread: Thread started: 秒杀用户 1-995
2026-09-07 23:08:09,380 INFO o.a.j.t.JMeterThread: Thread is done: 秒杀用户 1-990
2026-09-07 23:08:09,380 INFO o.a.j.t.JMeterThread: Thread finished: 秒杀用户 1-990
2026-09-07 23:08:09,390 INFO o.a.j.t.JMeterThread: Thread started: 秒杀用户 1-996
2026-09-07 23:08:09,398 INFO o.a.j.t.JMeterThread: Thread is done: 秒杀用户 1-991
2026-09-07 23:08:09,398 INFO o.a.j.t.JMeterThread: Thread finished: 秒杀用户 1-991
2026-09-07 23:08:09,408 INFO o.a.j.t.JMeterThread: Thread started: 秒杀用户 1-997
2026-09-07 23:08:09,420 INFO o.a.j.t.JMeterThread: Thread is done: 秒杀用户 1-992
2026-09-07 23:08:09,420 INFO o.a.j.t.JMeterThread: Thread finished: 秒杀用户 1-992
2026-09-07 23:08:09,428 INFO o.a.j.t.JMeterThread: Thread started: 秒杀用户 1-998
2026-09-07 23:08:09,439 INFO o.a.j.t.JMeterThread: Thread is done: 秒杀用户 1-993
2026-09-07 23:08:09,439 INFO o.a.j.t.JMeterThread: Thread finished: 秒杀用户 1-993
2026-09-07 23:08:09,449 INFO o.a.j.t.JMeterThread: Thread started: 秒杀用户 1-999
2026-09-07 23:08:09,458 INFO o.a.j.t.JMeterThread: Thread is done: 秒杀用户 1-994
2026-09-07 23:08:09,458 INFO o.a.j.t.JMeterThread: Thread finished: 秒杀用户 1-994
2026-09-07 23:08:09,470 INFO o.a.j.t.JMeterThread: Thread started: 秒杀用户 1-1000
2026-09-07 23:08:09,477 INFO o.a.j.t.JMeterThread: Thread is done: 秒杀用户 1-995
2026-09-07 23:08:09,477 INFO o.a.j.t.JMeterThread: Thread finished: 秒杀用户 1-995
2026-09-07 23:08:09,499 INFO o.a.j.t.JMeterThread: Thread is done: 秒杀用户 1-996
2026-09-07 23:08:09,499 INFO o.a.j.t.JMeterThread: Thread finished: 秒杀用户 1-996
2026-09-07 23:08:09,519 INFO o.a.j.t.JMeterThread: Thread is done: 秒杀用户 1-997
2026-09-07 23:08:09,519 INFO o.a.j.t.JMeterThread: Thread finished: 秒杀用户 1-997
2026-09-07 23:08:09,537 INFO o.a.j.t.JMeterThread: Thread is done: 秒杀用户 1-998
2026-09-07 23:08:09,537 INFO o.a.j.t.JMeterThread: Thread finished: 秒杀用户 1-998
2026-09-07 23:08:09,560 INFO o.a.j.t.JMeterThread: Thread is done: 秒杀用户 1-999
2026-09-07 23:08:09,560 INFO o.a.j.t.JMeterThread: Thread finished: 秒杀用户 1-999
2026-09-07 23:08:09,579 INFO o.a.j.t.JMeterThread: Thread is done: 秒杀用户 1-1000
2026-09-07 23:08:09,579 INFO o.a.j.t.JMeterThread: Thread finished: 秒杀用户 1-1000
2026-09-07 23:08:09,580 INFO o.a.j.e.StandardJMeterEngine: Notifying test listeners of end of test
2026-09-07 23:08:09,580 INFO o.a.j.s.FileServer: Close: F:\hmdpcode\hm-dianping\hm-dianping\target\jmeter\tokens.csv
2026-09-07 23:08:09,584 INFO o.a.j.r.Summariser: summary =      0 in 00:00:00 = ******/s Avg:     0 Min: 9223372036854775807 Max: -9223372036854775808 Err:     0 (0.00%)
2026-09-07 23:08:09,584 INFO o.a.j.JMeter: Generating Dashboard
2026-09-07 23:08:09,584 INFO o.a.j.r.d.ReportGenerator: Flushing result collector before report Generation
2026-09-07 23:08:09,600 INFO o.a.j.r.p.NormalizerSampleConsumer: Using format, 'ms', to parse timeStamp field
2026-09-07 23:08:09,889 INFO o.a.j.r.p.AbstractSampleConsumer: class org.apache.jmeter.report.processor.AggregateConsumer#stopProducing(): beginDate produced 0 samples
2026-09-07 23:08:09,889 INFO o.a.j.r.p.AbstractSampleConsumer: class org.apache.jmeter.report.processor.AggregateConsumer#stopProducing(): endDate produced 0 samples
2026-09-07 23:08:09,906 INFO o.a.j.r.p.AbstractSampleConsumer: class org.apache.jmeter.report.processor.ApdexSummaryConsumer#stopProducing(): apdexSummary produced 0 samples
2026-09-07 23:08:09,907 INFO o.a.j.r.p.AbstractSampleConsumer: class org.apache.jmeter.report.processor.RequestsSummaryConsumer#stopProducing(): requestsSummary produced 0 samples
2026-09-07 23:08:09,932 INFO o.a.j.r.p.AbstractSampleConsumer: class org.apache.jmeter.report.processor.StatisticsSummaryConsumer#stopProducing(): statisticsSummary produced 0 samples
2026-09-07 23:08:09,938 INFO o.a.j.r.p.AbstractSampleConsumer: class org.apache.jmeter.report.processor.Top5ErrorsBySamplerConsumer#stopProducing(): top5ErrorsBySampler produced 0 samples
2026-09-07 23:08:09,938 INFO o.a.j.r.p.AbstractSampleConsumer: class org.apache.jmeter.report.processor.ErrorsSummaryConsumer#stopProducing(): errorsSummary produced 0 samples
2026-09-07 23:08:09,938 INFO o.a.j.r.p.AbstractSampleConsumer: class org.apache.jmeter.report.processor.graph.impl.HitsPerSecondGraphConsumer#stopProducing(): hitsPerSecond produced 0 samples
2026-09-07 23:08:10,094 INFO o.a.j.r.p.AbstractSampleConsumer: class org.apache.jmeter.report.processor.graph.impl.LatencyVSRequestGraphConsumer#stopProducing(): latencyVsRequest produced 0 samples
2026-09-07 23:08:10,095 INFO o.a.j.r.p.AbstractSampleConsumer: class org.apache.jmeter.report.processor.graph.impl.SyntheticResponseTimeDistributionGraphConsumer#stopProducing(): syntheticResponseTimeDistribution produced 0 samples
2026-09-07 23:08:10,095 INFO o.a.j.r.p.AbstractSampleConsumer: class org.apache.jmeter.report.processor.graph.impl.BytesThroughputGraphConsumer#stopProducing(): bytesThroughputOverTime produced 0 samples
2026-09-07 23:08:10,095 INFO o.a.j.r.p.AbstractSampleConsumer: class org.apache.jmeter.report.processor.graph.impl.CodesPerSecondGraphConsumer#stopProducing(): codesPerSecond produced 0 samples
2026-09-07 23:08:10,144 INFO o.a.j.r.p.AbstractSampleConsumer: class org.apache.jmeter.report.processor.graph.impl.ResponseTimeVSRequestGraphConsumer#stopProducing(): responseTimeVsRequest produced 0 samples
2026-09-07 23:08:10,145 INFO o.a.j.r.p.AbstractSampleConsumer: class org.apache.jmeter.report.processor.FilterConsumer#stopProducing(): startIntervalControlerFilter produced 31031 samples
2026-09-07 23:08:10,145 INFO o.a.j.r.p.AbstractSampleConsumer: class org.apache.jmeter.report.processor.graph.impl.TotalTPSGraphConsumer#stopProducing(): totalTPS produced 0 samples
2026-09-07 23:08:10,145 INFO o.a.j.r.p.AbstractSampleConsumer: class org.apache.jmeter.report.processor.graph.impl.ActiveThreadsGraphConsumer#stopProducing(): activeThreadsOverTime produced 0 samples
2026-09-07 23:08:10,145 INFO o.a.j.r.p.AbstractSampleConsumer: class org.apache.jmeter.report.processor.graph.impl.TimeVSThreadGraphConsumer#stopProducing(): timeVsThreads produced 0 samples
2026-09-07 23:08:10,145 INFO o.a.j.r.p.AbstractSampleConsumer: class org.apache.jmeter.report.processor.graph.impl.ResponseTimeDistributionGraphConsumer#stopProducing(): responseTimeDistribution produced 0 samples
2026-09-07 23:08:10,146 INFO o.a.j.r.p.AbstractSampleConsumer: class org.apache.jmeter.report.processor.graph.impl.TransactionsPerSecondGraphConsumer#stopProducing(): transactionsPerSecond produced 0 samples
2026-09-07 23:08:10,146 INFO o.a.j.r.p.AbstractSampleConsumer: class org.apache.jmeter.report.processor.graph.impl.ResponseTimePercentilesGraphConsumer#stopProducing(): responseTimePercentiles produced 0 samples
2026-09-07 23:08:10,147 INFO o.a.j.r.p.AbstractSampleConsumer: class org.apache.jmeter.report.processor.graph.impl.ResponseTimePercentilesOverTimeGraphConsumer#stopProducing(): responseTimePercentilesOverTime produced 0 samples
2026-09-07 23:08:10,148 INFO o.a.j.r.p.AbstractSampleConsumer: class org.apache.jmeter.report.processor.graph.impl.ResponseTimeOverTimeGraphConsumer#stopProducing(): responseTimesOverTime produced 0 samples
2026-09-07 23:08:10,148 INFO o.a.j.r.p.AbstractSampleConsumer: class org.apache.jmeter.report.processor.graph.impl.ConnectTimeOverTimeGraphConsumer#stopProducing(): connectTimeOverTime produced 0 samples
2026-09-07 23:08:10,148 INFO o.a.j.r.p.AbstractSampleConsumer: class org.apache.jmeter.report.processor.graph.impl.LatencyOverTimeGraphConsumer#stopProducing(): latenciesOverTime produced 0 samples
2026-09-07 23:08:10,148 INFO o.a.j.r.p.AbstractSampleConsumer: class org.apache.jmeter.report.processor.FilterConsumer#stopProducing(): nameFilter produced 81495 samples
2026-09-07 23:08:10,148 INFO o.a.j.r.p.AbstractSampleConsumer: class org.apache.jmeter.report.processor.FilterConsumer#stopProducing(): dateRangeFilter produced 16299 samples
2026-09-07 23:08:10,148 INFO o.a.j.r.p.AbstractSampleConsumer: class org.apache.jmeter.report.processor.NormalizerSampleConsumer#stopProducing(): normalizer produced 5433 samples
2026-09-07 23:08:10,151 INFO o.a.j.r.p.CsvFileSampleSource: produce(): 5433 samples produced in 526ms on channel 0
2026-09-07 23:08:10,151 INFO o.a.j.r.d.ReportGenerator: Exporting data using exporter:'json' of className:'org.apache.jmeter.report.dashboard.JsonExporter'
2026-09-07 23:08:10,434 INFO o.a.j.r.d.JsonExporter: Found data for consumer statisticsSummary in context
2026-09-07 23:08:10,434 INFO o.a.j.r.d.JsonExporter: Creating statistics for overall
2026-09-07 23:08:10,435 INFO o.a.j.r.d.JsonExporter: Creating statistics for other transactions
2026-09-07 23:08:10,435 INFO o.a.j.r.d.JsonExporter: Checking output folder
2026-09-07 23:08:10,436 INFO o.a.j.r.d.JsonExporter: Writing statistics JSON to F:\hmdpcode\hm-dianping\hm-dianping\target\seckill-e2e-final3-report\statistics.json
2026-09-07 23:08:10,500 INFO o.a.j.r.d.ReportGenerator: Exporting data using exporter:'html' of className:'org.apache.jmeter.report.dashboard.HtmlTemplateExporter'
2026-09-07 23:08:10,503 INFO o.a.j.r.d.HtmlTemplateExporter: Will generate dashboard in folder: F:\hmdpcode\hm-dianping\hm-dianping\target\seckill-e2e-final3-report
2026-09-07 23:08:10,733 INFO o.a.j.r.d.HtmlTemplateExporter: Report will be generated in: F:\hmdpcode\hm-dianping\hm-dianping\target\seckill-e2e-final3-report, creating folder structure
2026-09-07 23:08:10,734 INFO o.a.j.r.d.TemplateVisitor: Copying folder from 'F:\hmdpcode\apache-jmeter-5.6.3\apache-jmeter-5.6.3\bin\report-template' to 'F:\hmdpcode\hm-dianping\hm-dianping\target\seckill-e2e-final3-report', got message: F:\hmdpcode\hm-dianping\hm-dianping\target\seckill-e2e-final3-report, found non empty folder with following content [F:\hmdpcode\hm-dianping\hm-dianping\target\seckill-e2e-final3-report\statistics.json], will be ignored
2026-09-07 23:08:11,138 INFO o.a.j.JMeter: Dashboard generated
